Workbook

Sheet All sensors Installed
A1: 78d800b023960383 | G1: 1 | H1: 2 | I1: 3 | K1: LoRaWAN and test codes | U1: All Other connection Reference
A2: ID | B2: PILOT REF | C2: Name | D2: Lon | E2: Lat | F2: Device Type | G2: FUNCTION | H2: BRAND | I2: MODEL | K2: DEVICE EUI | L2: APP EUI (SN for Gateway) | M2: APP KEY | N2: Device Address | O2: AppSKey | P2: NwkSKey | Q2: TB token | R2: Communication check | S2: Decoding check | U2: EndPoint | V2: EndPoint Type | W2: UserName | X2: Password | Y2: Device ID | Z2: Communication check | AA2: Decoding check | AB2: MEASUREMENTS | AC2: Notes | AD2: @dropdown
A3: DGW01 | B3: Demo | C3: RAK | D3: 8.564322 | E3: 40.726754 | F3: GT1 | G3: =HLOOKUP($F3,'Sensor Type Details'!$B$1:$R$4,G$1+1) -> Gateway | H3: =HLOOKUP($F3,'Sensor Type Details'!$B$1:$R$4,H$1+1) -> Rackwireless | I3: =HLOOKUP($F3,'Sensor Type Details'!$B$1:$R$4,I$1+1) -> RAK7240 | J3: =K1 -> LoRaWAN and test codes | K3: AC1F09FFFE091FBA | L3: 9181000G6020915013 | T3: =U1 -> All Other connection Reference
A4: D001 | B4: Demo | C4: SenseCAPS2103 | D4: 8.564322 | E4: 40.726754 | F4: ST01 | G4: =HLOOKUP($F4,'Sensor Type Details'!$B$1:$R$4,G$1+1) -> Sensor | H4: =HLOOKUP($F4,'Sensor Type Details'!$B$1:$R$4,H$1+1) -> Seeeds | I4: =HLOOKUP($F4,'Sensor Type Details'!$B$1:$R$4,I$1+1) -> SenseCAPS2103 | K4: 2cf7f1c043500183 | L4: 2E3F1EFBCD63BC37 | M4: 9FB06416DFFCCE752077C9BC030FDF50 | Q4: isvHssKmSlqaKqlOF2E0 | R4: ok | S4: ok | AB4: Air temperature, Air humidity, CO2 concentration
A5: D002 | B5: Demo | C5: SenseCAPS868 | D5: 8.564322 | E5: 40.726754 | F5: ST02 | G5: =HLOOKUP($F5,'Sensor Type Details'!$B$1:$R$4,G$1+1) -> Sensor | H5: =HLOOKUP($F5,'Sensor Type Details'!$B$1:$R$4,H$1+1) -> Seeeds | I5: =HLOOKUP($F5,'Sensor Type Details'!$B$1:$R$4,I$1+1) -> SenseCAP Soil Moisture and Temperature | K5: 2CF7F12031500017 | L5: 8000000000000009 | M5: DE914F209AC8A89E4BBB494EDA525441 | Q5: lsp4QbMlO7zaYLzZ2BA1 | R5: ok | S5: ok | AB5: Soil moisture & Temperature
A6: D003 | B6: Demo | C6: LoRa_Controller-UC511 | D6: 8.564322 | E6: 40.726754 | F6: ST03 | G6: =HLOOKUP($F6,'Sensor Type Details'!$B$1:$R$4,G$1+1) -> Sensor | H6: =HLOOKUP($F6,'Sensor Type Details'!$B$1:$R$4,H$1+1) -> Milesight | I6: =HLOOKUP($F6,'Sensor Type Details'!$B$1:$R$4,I$1+1) -> LoRa_Controlle-UC511 | K6: 24e124414b106165 | L6: 24E124C0002A0001 | M6: 5572404C696E6B4C6F52613230313823 | Q6: ORwcidwrRPfXNq3n6NJZ | R6: ok | S6: ok | AB6: 2 x Valve state & Controll
A7: D004 | B7: Demo | C7: SenProbe-3A | D7: 8.564322 | E7: 40.726754 | F7: ST04 | G7: =HLOOKUP($F7,'Sensor Type Details'!$B$1:$R$4,G$1+1) -> Sensor | H7: =HLOOKUP($F7,'Sensor Type Details'!$B$1:$R$4,H$1+1) -> IQNexus | I7: =HLOOKUP($F7,'Sensor Type Details'!$B$1:$R$4,I$1+1) -> SenProbe - 3B-LR12 | K7: AC1F09FFFE04E43F | L7: 0101010101010101 | M7: 2B7E151628AED2A6ABF7158809CF4F3C | Q7: NXUY6jsih4vggsxt2APd | R7: ok | S7: ok | AB7: 6X Soil moisture & Soil Temperature + Air Temperature
A8: D005 | B8: Demo | C8: SenPulse-3V | D8: 8.564322 | E8: 40.726754 | F8: ST05 | G8: =HLOOKUP($F8,'Sensor Type Details'!$B$1:$R$4,G$1+1) -> Sensor | H8: =HLOOKUP($F8,'Sensor Type Details'!$B$1:$R$4,H$1+1) -> IQNexus | I8: =HLOOKUP($F8,'Sensor Type Details'!$B$1:$R$4,I$1+1) -> SenPulse-PCT-3A-LR-S | K8: 3738383962376102 | L8: D34B2F28A10C8DB0 | M8: D927A47631ECF07A09A2132A66212379 | Q8: YHYEONmduF3tDNFyBttK | R8: ok | S8: ok | AB8: Pulse Totaliser
L9: 101010101010101
A10: PILOT - ITALY
A11: IGW01 | B11: ITALY | C11: RAK-UNISS-2 | D11: 8.6995 | E11: 39.9437 | F11: GT1 | G11: =HLOOKUP($F11,'Sensor Type Details'!$B$1:$R$4,G$1+1) -> Gateway | H11: =HLOOKUP($F11,'Sensor Type Details'!$B$1:$R$4,H$1+1) -> Rackwireless | I11: =HLOOKUP($F11,'Sensor Type Details'!$B$1:$R$4,I$1+1) -> RAK7240 | K11: AC1f09FFFE1042C3 | L11: 918100QN6040424007
A12: IGW02 | B12: ITALY | C12: RAK-UNISS-1 | D12: 8.5535 | E12: 39.7788 | F12: GT1 | G12: =HLOOKUP($F12,'Sensor Type Details'!$B$1:$R$4,G$1+1) -> Gateway | H12: =HLOOKUP($F12,'Sensor Type Details'!$B$1:$R$4,H$1+1) -> Rackwireless | I12: =HLOOKUP($F12,'Sensor Type Details'!$B$1:$R$4,I$1+1) -> RAK7240 | K12: AC1F09FFFE0BB7A9 | L12: 918100QN6030313015
A13: I001 | B13: ITALY | C13: SoilMoisture1 | D13: 8.54903 | E13: 39.77597 | F13: ST04 | G13: =HLOOKUP($F13,'Sensor Type Details'!$B$1:$R$4,G$1+1) -> Sensor | H13: =HLOOKUP($F13,'Sensor Type Details'!$B$1:$R$4,H$1+1) -> IQNexus | I13: =HLOOKUP($F13,'Sensor Type Details'!$B$1:$R$4,I$1+1) -> SenProbe - 3B-LR12 | K13: AC1F09FFFE04E48A | L13: 0101010101010101 | M13: 2B7E151628AED2A6ABF7158809CF4F3C | R13: ok | AB13: 6X Soil moisture & Soil Temperature + Air Temperature
A14: I002 | B14: ITALY | C14: SoilMoisture2 | D14: 8.5485 | E14: 39.77614 | F14: ST04 | G14: =HLOOKUP($F14,'Sensor Type Details'!$B$1:$R$4,G$1+1) -> Sensor | H14: =HLOOKUP($F14,'Sensor Type Details'!$B$1:$R$4,H$1+1) -> IQNexus | I14: =HLOOKUP($F14,'Sensor Type Details'!$B$1:$R$4,I$1+1) -> SenProbe - 3B-LR12 | K14: AC1F09FFFE04E487 | L14: 0101010101010101 | M14: 2B7E151628AED2A6ABF7158809CF4F3C | R14: ok | AB14: 6X Soil moisture & Soil Temperature + Air Temperature
A15: I003 | B15: ITALY | C15: SoilMoisture3 | D15: 8.580694 | E15: 39.76103 | F15: ST04 | G15: =HLOOKUP($F15,'Sensor Type Details'!$B$1:$R$4,G$1+1) -> Sensor | H15: =HLOOKUP($F15,'Sensor Type Details'!$B$1:$R$4,H$1+1) -> IQNexus | I15: =HLOOKUP($F15,'Sensor Type Details'!$B$1:$R$4,I$1+1) -> SenProbe - 3B-LR12 | K15: AC1F09FFFE04E4C1 | L15: 0101010101010101 | M15: 2B7E151628AED2A6ABF7158809CF4F3C | R15: ok | AB15: 6X Soil moisture & Soil Temperature + Air Temperature
A16: I004 | B16: ITALY | C16: SoilMoisture4 | D16: 8.5815 | E16: 39.76139 | F16: ST04 | G16: =HLOOKUP($F16,'Sensor Type Details'!$B$1:$R$4,G$1+1) -> Sensor | H16: =HLOOKUP($F16,'Sensor Type Details'!$B$1:$R$4,H$1+1) -> IQNexus | I16: =HLOOKUP($F16,'Sensor Type Details'!$B$1:$R$4,I$1+1) -> SenProbe - 3B-LR12 | K16: AC1F09FFFE04E4B1 | L16: 0101010101010101 | M16: 2B7E151628AED2A6ABF7158809CF4F3C | R16: ok | AB16: 6X Soil moisture & Soil Temperature + Air Temperature
A17: I005 | B17: ITALY | C17: SoilMoisture5 | D17: 8.69725 | E17: 39.94489 | F17: ST04 | G17: =HLOOKUP($F17,'Sensor Type Details'!$B$1:$R$4,G$1+1) -> Sensor | H17: =HLOOKUP($F17,'Sensor Type Details'!$B$1:$R$4,H$1+1) -> IQNexus | I17: =HLOOKUP($F17,'Sensor Type Details'!$B$1:$R$4,I$1+1) -> SenProbe - 3B-LR12 | K17: AC1F09FFFE04DB8D | L17: 0101010101010101 | M17: 2B7E151628AED2A6ABF7158809CF4F3C | R17: ok | AB17: 6X Soil moisture & Soil Temperature + Air Temperature
A18: I006 | B18: ITALY | C18: SoilMoisture6 | D18: 8.703639 | E18: 39.94833 | F18: ST04 | G18: =HLOOKUP($F18,'Sensor Type Details'!$B$1:$R$4,G$1+1) -> Sensor | H18: =HLOOKUP($F18,'Sensor Type Details'!$B$1:$R$4,H$1+1) -> IQNexus | I18: =HLOOKUP($F18,'Sensor Type Details'!$B$1:$R$4,I$1+1) -> SenProbe - 3B-LR12 | K18: AC1F09FFFE04E488 | L18: 0101010101010101 | M18: 2B7E151628AED2A6ABF7158809CF4F3C | R18: ok | AB18: 6X Soil moisture & Soil Temperature + Air Temperature
A19: I007 | B19: ITALY | C19: SoilMoisture7 | D19: 8.68192 | E19: 39.94853 | F19: ST04 | G19: =HLOOKUP($F19,'Sensor Type Details'!$B$1:$R$4,G$1+1) -> Sensor | H19: =HLOOKUP($F19,'Sensor Type Details'!$B$1:$R$4,H$1+1) -> IQNexus | I19: =HLOOKUP($F19,'Sensor Type Details'!$B$1:$R$4,I$1+1) -> SenProbe - 3B-LR12 | K19: AC1F09FFFE04E284 | L19: 0101010101010101 | M19: 2B7E151628AED2A6ABF7158809CF4F3C | R19: ok | AB19: 6X Soil moisture & Soil Temperature + Air Temperature
A20: I008 | B20: ITALY | C20: SoilMoisture8 | D20: 8.680194 | E20: 39.94869 | F20: ST04 | G20: =HLOOKUP($F20,'Sensor Type Details'!$B$1:$R$4,G$1+1) -> Sensor | H20: =HLOOKUP($F20,'Sensor Type Details'!$B$1:$R$4,H$1+1) -> IQNexus | I20: =HLOOKUP($F20,'Sensor Type Details'!$B$1:$R$4,I$1+1) -> SenProbe - 3B-LR12 | K20: AC1F09FFFE04E2CB | L20: 0101010101010101 | M20: 2B7E151628AED2A6ABF7158809CF4F3C | R20: ok | AB20: 6X Soil moisture & Soil Temperature + Air Temperature
A21: I009 | B21: ITALY | C21: SoilMoisture9 | D21: 8.53533 | E21: 39.71772 | F21: ST04 | G21: =HLOOKUP($F21,'Sensor Type Details'!$B$1:$R$4,G$1+1) -> Sensor | H21: =HLOOKUP($F21,'Sensor Type Details'!$B$1:$R$4,H$1+1) -> IQNexus | I21: =HLOOKUP($F21,'Sensor Type Details'!$B$1:$R$4,I$1+1) -> SenProbe - 3B-LR12 | K21: AC1F09FFFE04E240 | L21: 0101010101010101 | M21: 2B7E151628AED2A6ABF7158809CF4F3C | AB21: 6X Soil moisture & Soil Temperature + Air Temperature
A22: I010 | B22: ITALY | C22: SoilMoisture10 | D22: 8.53531 | E22: 39.71847 | F22: ST04 | G22: =HLOOKUP($F22,'Sensor Type Details'!$B$1:$R$4,G$1+1) -> Sensor | H22: =HLOOKUP($F22,'Sensor Type Details'!$B$1:$R$4,H$1+1) -> IQNexus | I22: =HLOOKUP($F22,'Sensor Type Details'!$B$1:$R$4,I$1+1) -> SenProbe - 3B-LR12 | K22: AC1F09FFFE04E312 | L22: 0101010101010101 | M22: 2B7E151628AED2A6ABF7158809CF4F3C | AB22: 6X Soil moisture & Soil Temperature + Air Temperature
A23: I011 | B23: ITALY | C23: WaterMeter1 | D23: 8.69725 | E23: 39.94489 | F23: ST06 | G23: =HLOOKUP($F23,'Sensor Type Details'!$B$1:$R$4,G$1+1) -> Sensor | H23: =HLOOKUP($F23,'Sensor Type Details'!$B$1:$R$4,H$1+1) -> Maddalena | I23: =HLOOKUP($F23,'Sensor Type Details'!$B$1:$R$4,I$1+1) -> Arrow split 2 | K23: 78D800B023960378 | L23: 0101010101010101 | M23: DAE982C90EE7BDA3CB86210F349A4D8C | R23: ok | S23: ok | AB23: Water flow
A24: I012 | B24: ITALY | C24: WaterMeter2 | F24: ST06 | G24: =HLOOKUP($F24,'Sensor Type Details'!$B$1:$R$4,G$1+1) -> Sensor | H24: =HLOOKUP($F24,'Sensor Type Details'!$B$1:$R$4,H$1+1) -> Maddalena | I24: =HLOOKUP($F24,'Sensor Type Details'!$B$1:$R$4,I$1+1) -> Arrow split 2 | K24: 78D800B023960379 | L24: 0101010101010101 | M24: AF08096331115DE4E72269A3FF27C6FE | S24: ok | AB24: Water flow
A25: I013 | B25: ITALY | C25: WaterMeter3 | D25: 8.680194 | E25: 39.94869 | F25: ST06 | G25: =HLOOKUP($F25,'Sensor Type Details'!$B$1:$R$4,G$1+1) -> Sensor | H25: =HLOOKUP($F25,'Sensor Type Details'!$B$1:$R$4,H$1+1) -> Maddalena | I25: =HLOOKUP($F25,'Sensor Type Details'!$B$1:$R$4,I$1+1) -> Arrow split 2 | K25: 78D800B023960380 | L25: 0101010101010101 | M25: 31EA10B723E4BB3C4C54E29863CA219F | S25: ok | AB25: Water flow
A26: I014 | B26: ITALY | C26: WaterMeter4 | D26: 8.68192 | E26: 39.94853 | F26: ST06 | G26: =HLOOKUP($F26,'Sensor Type Details'!$B$1:$R$4,G$1+1) -> Sensor | H26: =HLOOKUP($F26,'Sensor Type Details'!$B$1:$R$4,H$1+1) -> Maddalena | I26: =HLOOKUP($F26,'Sensor Type Details'!$B$1:$R$4,I$1+1) -> Arrow split 2 | K26: 78D800B023960381 | L26: 0101010101010101 | M26: 722D42E0C4946986E1B0386AE648AC5E | S26: ok | AB26: Water flow
A27: I015 | B27: ITALY | C27: WaterMeter5 | D27: 8.54903 | E27: 39.77597 | F27: ST06 | G27: =HLOOKUP($F27,'Sensor Type Details'!$B$1:$R$4,G$1+1) -> Sensor | H27: =HLOOKUP($F27,'Sensor Type Details'!$B$1:$R$4,H$1+1) -> Maddalena | I27: =HLOOKUP($F27,'Sensor Type Details'!$B$1:$R$4,I$1+1) -> Arrow split 2 | K27: 78D800B023960382 | L27: 0101010101010101 | M27: 294F8ED6861B691D3CD623E0FB9B79C5 | S27: ok | AB27: Water flow
A28: I016 | B28: ITALY | C28: WaterMeter6 | D28: 8.5485 | E28: 39.77614 | F28: ST06 | G28: =HLOOKUP($F28,'Sensor Type Details'!$B$1:$R$4,G$1+1) -> Sensor | H28: =HLOOKUP($F28,'Sensor Type Details'!$B$1:$R$4,H$1+1) -> Maddalena | I28: =HLOOKUP($F28,'Sensor Type Details'!$B$1:$R$4,I$1+1) -> Arrow split 2 | K28: 78D800B023960383 | L28: 0101010101010101 | M28: 5F7A39E4C8EB51602ACA7BB0EAF6B293 | S28: ok | AB28: Water flow
A29: I017 | B29: ITALY | C29: WaterMeter7 | D29: 8.580694 | E29: 39.76103 | F29: ST06 | G29: =HLOOKUP($F29,'Sensor Type Details'!$B$1:$R$4,G$1+1) -> Sensor | H29: =HLOOKUP($F29,'Sensor Type Details'!$B$1:$R$4,H$1+1) -> Maddalena | I29: =HLOOKUP($F29,'Sensor Type Details'!$B$1:$R$4,I$1+1) -> Arrow split 2 | K29: 78D800B023960384 | L29: 0101010101010101 | M29: E0DF3488DCA1A263DF84795017910EDD | S29: ok | AB29: Water flow
A30: I018 | B30: ITALY | C30: WaterMeter8 | D30: 8.5815 | E30: 39.76139 | F30: ST06 | G30: =HLOOKUP($F30,'Sensor Type Details'!$B$1:$R$4,G$1+1) -> Sensor | H30: =HLOOKUP($F30,'Sensor Type Details'!$B$1:$R$4,H$1+1) -> Maddalena | I30: =HLOOKUP($F30,'Sensor Type Details'!$B$1:$R$4,I$1+1) -> Arrow split 2 | K30: 78D800B023960385 | L30: 0101010101010101 | M30: 441F38EFADDE87AFE973207044BAC61E | S30: ok | AB30: Water flow
A31: I019 | B31: ITALY | C31: WaterMeter9 | D31: 8.53533 | E31: 39.71772 | F31: ST06 | G31: =HLOOKUP($F31,'Sensor Type Details'!$B$1:$R$4,G$1+1) -> Sensor | H31: =HLOOKUP($F31,'Sensor Type Details'!$B$1:$R$4,H$1+1) -> Maddalena | I31: =HLOOKUP($F31,'Sensor Type Details'!$B$1:$R$4,I$1+1) -> Arrow split 2 | K31: 78D800B023960386 | L31: 0101010101010101 | M31: C38B6B249BF2E1F8C70A7EFAFEBD5239 | S31: ok | AB31: Water flow
A32: I020 | B32: ITALY | C32: WaterMeter10 | D32: 8.53531 | E32: 39.71847 | F32: ST06 | G32: =HLOOKUP($F32,'Sensor Type Details'!$B$1:$R$4,G$1+1) -> Sensor | H32: =HLOOKUP($F32,'Sensor Type Details'!$B$1:$R$4,H$1+1) -> Maddalena | I32: =HLOOKUP($F32,'Sensor Type Details'!$B$1:$R$4,I$1+1) -> Arrow split 2 | K32: 78D800B023960387 | L32: 0101010101010101 | M32: 4A632FED0C3064F1843D734B56A26961 | S32: ok | AB32: Water flow
A33: I021 | B33: ITALY | C33: WaterMeter11 | F33: ST06 | G33: =HLOOKUP($F33,'Sensor Type Details'!$B$1:$R$4,G$1+1) -> Sensor | H33: =HLOOKUP($F33,'Sensor Type Details'!$B$1:$R$4,H$1+1) -> Maddalena | I33: =HLOOKUP($F33,'Sensor Type Details'!$B$1:$R$4,I$1+1) -> Arrow split 2 | K33: 78D800B023960388 | L33: 0101010101010101 | M33: FB973BE21492C41095240D3C30287FED | S33: ok | AB33: Water flow
A34: I022 | B34: ITALY | C34: WaterMeter12 | F34: ST06 | G34: =HLOOKUP($F34,'Sensor Type Details'!$B$1:$R$4,G$1+1) -> Sensor | H34: =HLOOKUP($F34,'Sensor Type Details'!$B$1:$R$4,H$1+1) -> Maddalena | I34: =HLOOKUP($F34,'Sensor Type Details'!$B$1:$R$4,I$1+1) -> Arrow split 2 | K34: 78D800B023960389 | L34: 0101010101010101 | M34: 4BFDB80781FB179661DA7FE5B6E43426 | S34: ok | AB34: Water flow
A35: I023 | B35: ITALY | C35: TTCyber 81238002 | D35: 8.703607 | E35: 39.9483 | F35: ST07 | G35: =HLOOKUP($F35,'Sensor Type Details'!$B$1:$R$4,G$1+1) -> Sensor | H35: =HLOOKUP($F35,'Sensor Type Details'!$B$1:$R$4,H$1+1) -> Nature4 | I35: =HLOOKUP($F35,'Sensor Type Details'!$B$1:$R$4,I$1+1) -> TTCyber | AB35: radial growth, sap flux density, tree stability, air temperature and humidity and NDVI
A36: I024 | B36: ITALY | C36: TTCyber 81238003 | D36: 8.703607 | E36: 39.9483 | F36: ST07 | G36: =HLOOKUP($F36,'Sensor Type Details'!$B$1:$R$4,G$1+1) -> Sensor | H36: =HLOOKUP($F36,'Sensor Type Details'!$B$1:$R$4,H$1+1) -> Nature4 | I36: =HLOOKUP($F36,'Sensor Type Details'!$B$1:$R$4,I$1+1) -> TTCyber | AB36: radial growth, sap flux density, tree stability, air temperature and humidity and NDVI
A37: I025 | B37: ITALY | C37: TTCyber 81238004 | D37: 8.703607 | E37: 39.9483 | F37: ST07 | G37: =HLOOKUP($F37,'Sensor Type Details'!$B$1:$R$4,G$1+1) -> Sensor | H37: =HLOOKUP($F37,'Sensor Type Details'!$B$1:$R$4,H$1+1) -> Nature4 | I37: =HLOOKUP($F37,'Sensor Type Details'!$B$1:$R$4,I$1+1) -> TTCyber | AB37: radial growth, sap flux density, tree stability, air temperature and humidity and NDVI
A38: I026 | B38: ITALY | C38: TTCyber 81238005 | D38: 8.703607 | E38: 39.9483 | F38: ST07 | G38: =HLOOKUP($F38,'Sensor Type Details'!$B$1:$R$4,G$1+1) -> Sensor | H38: =HLOOKUP($F38,'Sensor Type Details'!$B$1:$R$4,H$1+1) -> Nature4 | I38: =HLOOKUP($F38,'Sensor Type Details'!$B$1:$R$4,I$1+1) -> TTCyber | AB38: radial growth, sap flux density, tree stability, air temperature and humidity and NDVI
A39: I027 | B39: ITALY | C39: TTCyber 81238006 | D39: 8.703607 | E39: 39.9483 | F39: ST07 | G39: =HLOOKUP($F39,'Sensor Type Details'!$B$1:$R$4,G$1+1) -> Sensor | H39: =HLOOKUP($F39,'Sensor Type Details'!$B$1:$R$4,H$1+1) -> Nature4 | I39: =HLOOKUP($F39,'Sensor Type Details'!$B$1:$R$4,I$1+1) -> TTCyber | AB39: radial growth, sap flux density, tree stability, air temperature and humidity and NDVI
A40: I028 | B40: ITALY | C40: TTCyber 81238007 | D40: 8.703607 | E40: 39.9483 | F40: ST07 | G40: =HLOOKUP($F40,'Sensor Type Details'!$B$1:$R$4,G$1+1) -> Sensor | H40: =HLOOKUP($F40,'Sensor Type Details'!$B$1:$R$4,H$1+1) -> Nature4 | I40: =HLOOKUP($F40,'Sensor Type Details'!$B$1:$R$4,I$1+1) -> TTCyber | AB40: radial growth, sap flux density, tree stability, air temperature and humidity and NDVI
A41: I029 | B41: ITALY | C41: TTCyber 81238008 | D41: 8.703605 | E41: 39.948298 | F41: ST07 | G41: =HLOOKUP($F41,'Sensor Type Details'!$B$1:$R$4,G$1+1) -> Sensor | H41: =HLOOKUP($F41,'Sensor Type Details'!$B$1:$R$4,H$1+1) -> Nature4 | I41: =HLOOKUP($F41,'Sensor Type Details'!$B$1:$R$4,I$1+1) -> TTCyber | AB41: radial growth, sap flux density, tree stability, air temperature and humidity and NDVI
A42: I030 | B42: ITALY | C42: TTCyber 81238009 | D42: 8.703647 | E42: 39.948334 | F42: ST07 | G42: =HLOOKUP($F42,'Sensor Type Details'!$B$1:$R$4,G$1+1) -> Sensor | H42: =HLOOKUP($F42,'Sensor Type Details'!$B$1:$R$4,H$1+1) -> Nature4 | I42: =HLOOKUP($F42,'Sensor Type Details'!$B$1:$R$4,I$1+1) -> TTCyber | AB42: radial growth, sap flux density, tree stability, air temperature and humidity and NDVI
A43: I031 | B43: ITALY | C43: TTCyber 81238010 | D43: 8.703647 | E43: 39.948334 | F43: ST07 | G43: =HLOOKUP($F43,'Sensor Type Details'!$B$1:$R$4,G$1+1) -> Sensor | H43: =HLOOKUP($F43,'Sensor Type Details'!$B$1:$R$4,H$1+1) -> Nature4 | I43: =HLOOKUP($F43,'Sensor Type Details'!$B$1:$R$4,I$1+1) -> TTCyber | AB43: radial growth, sap flux density, tree stability, air temperature and humidity and NDVI
A44: I032 | B44: ITALY | C44: TTCyber 81238011 | D44: 8.703607 | E44: 39.9483 | F44: ST07 | G44: =HLOOKUP($F44,'Sensor Type Details'!$B$1:$R$4,G$1+1) -> Sensor | H44: =HLOOKUP($F44,'Sensor Type Details'!$B$1:$R$4,H$1+1) -> Nature4 | I44: =HLOOKUP($F44,'Sensor Type Details'!$B$1:$R$4,I$1+1) -> TTCyber | AB44: radial growth, sap flux density, tree stability, air temperature and humidity and NDVI
A45: I033 | B45: ITALY | C45: TTCyber 81238012 | D45: 8.697028 | E45: 39.94486 | F45: ST07 | G45: =HLOOKUP($F45,'Sensor Type Details'!$B$1:$R$4,G$1+1) -> Sensor | H45: =HLOOKUP($F45,'Sensor Type Details'!$B$1:$R$4,H$1+1) -> Nature4 | I45: =HLOOKUP($F45,'Sensor Type Details'!$B$1:$R$4,I$1+1) -> TTCyber | AB45: radial growth, sap flux density, tree stability, air temperature and humidity and NDVI
A46: I034 | B46: ITALY | C46: TTCyber 81238013 | D46: 8.697028 | E46: 39.94486 | F46: ST07 | G46: =HLOOKUP($F46,'Sensor Type Details'!$B$1:$R$4,G$1+1) -> Sensor | H46: =HLOOKUP($F46,'Sensor Type Details'!$B$1:$R$4,H$1+1) -> Nature4 | I46: =HLOOKUP($F46,'Sensor Type Details'!$B$1:$R$4,I$1+1) -> TTCyber | AB46: radial growth, sap flux density, tree stability, air temperature and humidity and NDVI
... A58: I046 | B58: ITALY | C58: TTCyber 81238025 | D58: 8.697524 | E58: 39.944551 | F58: ST07 | G58: =HLOOKUP($F58,'Sensor Type Details'!$B$1:$R$4,G$1+1) -> Sensor | H58: =HLOOKUP($F58,'Sensor Type Details'!$B$1:$R$4,H$1+1) -> Nature4 | I58: =HLOOKUP($F58,'Sensor Type Details'!$B$1:$R$4,I$1+1) -> TTCyber | AB58: radial growth, sap flux density, tree stability, air temperature and humidity and NDVI
A59: I047 | B59: ITALY | C59: Weather station - wind module | D59: 8.6803 | E59: 39.94919 | F59: ST15 | G59: =HLOOKUP($F59,'Sensor Type Details'!$B$1:$R$4,G$1+1) -> Weather station - wind module | H59: =HLOOKUP($F59,'Sensor Type Details'!$B$1:$R$4,H$1+1) -> PrimoPrincipio | I59: =HLOOKUP($F59,'Sensor Type Details'!$B$1:$R$4,I$1+1) -> Quido - wind module | K59: 3932303169307818 | N59: 012e8f33 | O59: 2B7E151628AED2A6ABF7158809CF4F3C | P59: 2B7E151628AED2A6ABF7158809CF4F3C
A60: I048 | B60: ITALY | C60: Weather station - basic | D60: 8.6803 | E60: 39.94919 | F60: ST08 | G60: =HLOOKUP($F60,'Sensor Type Details'!$B$1:$R$4,G$1+1) -> Weather station | H60: =HLOOKUP($F60,'Sensor Type Details'!$B$1:$R$4,H$1+1) -> PrimoPrincipio | I60: =HLOOKUP($F60,'Sensor Type Details'!$B$1:$R$4,I$1+1) -> Quido - basic module | K60: 3632313973396417 | N60: 00CC3212 | O60: 2B7E151628AED2A6ABF7158809CF4F3C | P60: 2B7E151628AED2A6ABF7158809CF4F3C | R60: ok | S60: ok | AB60: Air Temperature, Air Humidity, Wind strength, Wind direction
A61: I049 | B61: ITALY | C61: Piezometric well number 10 | D61: 8°32'53.0"E | E61: 39°44'46.4"N | F61: ST09 | G61: =HLOOKUP($F61,'Sensor Type Details'!$B$1:$R$4,G$1+1) -> Sensor | H61: =HLOOKUP($F61,'Sensor Type Details'!$B$1:$R$4,H$1+1) -> VanWalt | I61: =HLOOKUP($F61,'Sensor Type Details'!$B$1:$R$4,I$1+1) -> DataHub | AB61: turbidity, temperature, conductivity, pH, ORP, Nitrate | AC61: AquaTROLL 500 & HydroMetrics GW50 Groundwater Optical Nitrate Sensor
A62: I050 | B62: ITALY | C62: Piezometric well number 8 | D62: 8°34'11.2"E | E62: 39°45'26.6"N | F62: ST09 | G62: =HLOOKUP($F62,'Sensor Type Details'!$B$1:$R$4,G$1+1) -> Sensor | H62: =HLOOKUP($F62,'Sensor Type Details'!$B$1:$R$4,H$1+1) -> VanWalt | I62: =HLOOKUP($F62,'Sensor Type Details'!$B$1:$R$4,I$1+1) -> DataHub | AB62: turbidity, temperature, conductivity, pH, ORP, Nitrate | AC62: AquaTROLL 500 & HydroMetrics GW50 Groundwater Optical Nitrate Sensor
A63: I051 | B63: ITALY | C63: Piezometric well number 174 | D63: 8°36'29.7"E | E63: 39°50'53.2"N | F63: ST09 | G63: =HLOOKUP($F63,'Sensor Type Details'!$B$1:$R$4,G$1+1) -> Sensor | H63: =HLOOKUP($F63,'Sensor Type Details'!$B$1:$R$4,H$1+1) -> VanWalt | I63: =HLOOKUP($F63,'Sensor Type Details'!$B$1:$R$4,I$1+1) -> DataHub | L63: 918100QN6030313014 | AB63: turbidity, temperature, conductivity, pH, ORP, Nitrate | AC63: AquaTROLL 500 & HydroMetrics GW50 Groundwater Optical Nitrate Sensor
A64: PILOT - JORDAN
A65: Area: Khalel Al-edwan
A66: JGW02 | B66: Jordan | C66: RAK-EUI:AC1F09FFFE0CF302 | D66: 35.638401° | E66: 31.840202° | F66: GT3 | G66: Gateway | H66: RAKWireless | I66: 7289V2 WisGate Edge Pro | K66: AC1F09FFFE0CF302 | L66: 918100QN6030606047
A67: J001 | B67: Jordan | C67: WM-SN:2306120026 | D67: 35.638401° | E67: 31.840202° | F67: ST11 | G67: Sensor | H67: Shendga | I67: Bulk water meter | K67: 8254812306000026 | L67: 4841434D4C570001 | M67: 4841432D4D4C57202003180000025481 | AB67: Water flow
A68: J002 | B68: Jordan | C68: SM-SN:008000000403FCBF | D68: 35.638401° | E68: 31.840202° | F68: ST12 | G68: Sensor | H68: SENSOTERRA | I68: Multi Depth Soil Moisture Se | K68: 008000000403FCBF | L68: 70B3D5DC90000000 | M68: 87028624AEE3F95EFD186234A575A9B7 | AB68: 6 x depths: Soil Moisture, Soil Temperature
A69: J003 | B69: Jordan | C69: NODE-SN:114992872232300027 | D69: 35.638401° | E69: 31.840202° | F69: ST13 | G69: Sensor | H69: SenseCap | I69: Multi-parameter Analyzer | K69: 2CF7F1C0523000E2 | L69: 4E6AF369B0999C6B | M69: 1BF452CDE960F4867EF182FD9C057111 | AB69: pH, EC, NH3, NO4,Temperature
A70: J003 | B70: Jordan | C70: NODE-SN:114992872232300176 | D70: 35.638401° | E70: 31.840202° | F70: ST13 | G70: Sensor | H70: SenseCap | I70: Multi-parameter Analyzer | AB70: pH, EC, NH3, NO4,Temperature, level of ground water | AC70: SKU:114992872
A71: J018 | B71: Jordan | C71: WL-SN-114992872232300195 | D71: 35.638401° | E71: 31.840202° | F71: ST16 | G71: Sensor | H71: Materontek | I71: Level Transmitter | K71: 2CF7F1C05230018A | L71: 8264340EE5E607D7 | M71: 94F404F090CDDFDAF5B2FD713B9E82C0 | AB71: Water level
A72: Area: Mahmoud Al-rajbi
A73: JGW03 | B73: Jordan | C73: RAK-EUI:AC1F09FFFE0CF2F6 | D73: 35.613777° | E73: 32.240135° | F73: GT3 | G73: Gateway | H73: RAKWireless | I73: 7289V2 WisGate Edge Pro | K73: AC1F09FFFE0CF2F6 | L73: 918100QN6030606041
A74: J004 | B74: Jordan | C74: WM-SN:008000000403FC9C | D74: 35.613777° | E74: 32.240135° | F74: ST11 | G74: Sensor | H74: Shendga | I74: Bulk water meter | K74: 8254812306000030 | L74: 4841434D4C570001 | M74: 4841432D4D4C57202003180000025481 | AB74: Water flow
A75: J005 | B75: Jordan | C75: SM-SN: | D75: 35.613777° | E75: 32.240135° | F75: ST12 | G75: Sensor | H75: SENSOTERRA | I75: Multi Depth Soil Moisture Se | K75: 008000000403FC99 | L75: 70B3D5DC90000000 | M75: a15796796d76855b5e42a7a86fea18b1 | AB75: 6 x depths: Soil Moisture, Soil Temperature
A76: J005 | B76: Jordan | C76: SM-SN:2306120030 | D76: 35.613777° | E76: 32.240135° | F76: ST12 | G76: Sensor | H76: SENSOTERRA | I76: Multi Depth Soil Moisture Se | K76: 008000000403FC9C | L76: 70B3D5DC90000000 | M76: 914735D8A1111FD661DB9F328ECC31C2 | AB76: 6 x depths: Soil Moisture, Soil Temperature
A77: J006 | B77: Jordan | C77: WM-SN:2306120023 | D77: 35.598148° | E77: 32.231155° | F77: ST11 | G77: Sensor | H77: Shendga | I77: Bulk water meter | K77: 8254812306000023 | L77: 4841434D4C570001 | M77: 4841432D4D4C57202003180000025481 | AB77: Water flow
A78: J007 | B78: Jordan | C78: SM-SN:008000000403FCAB | D78: 35.598148° | E78: 32.231155° | F78: ST12 | G78: Sensor | H78: SENSOTERRA | I78: Multi Depth Soil Moisture Se | K78: 008000000403FCAB | L78: 70B3D5DC90000000 | M78: 98FFD3DD40E6549F45398C156C50A66C | AB78: 6 x depths: Soil Moisture, Soil Temperature
A79: J008 | B79: Jordan | C79: WM-SN:2306120028 | D79: 35.595997° | E79: 32.237335° | F79: ST11 | G79: Sensor | H79: Shendga | I79: Bulk water meter | K79: 8254812306000028 | L79: 4841434D4C570001 | M79: 4841432D4D4C57202003180000025481 | AB79: Water flow
A80: J009 | B80: Jordan | C80: SM-SN:008000000403FCA5 | D80: 35.595997° | E80: 32.237335° | F80: ST12 | G80: Sensor | H80: SENSOTERRA | I80: Multi Depth Soil Moisture Se | K80: 008000000403FCA5 | L80: 70B3D5DC90000000 | M80: 7ABAF12DF82BFED5BFC13923C751538A | AB80: 6 x depths: Soil Moisture, Soil Temperature
A81: Area: NARC
A82: JGW04 | B82: Jordan | C82: RAK-EUI:AC1F09FFFE0CFCE | D82: 35.621113° | E82: 32.194249° | F82: GT3 | G82: Gateway | H82: RAKWireless | I82: 7289V2 WisGate Edge Pro | K82: AC1F09FFFE0CF2CE | L82: 918100QN6030606021
A83: J010 | B83: Jordan | C83: WM-SN:2306120027 | D83: 35.621113° | E83: 32.194249° | F83: ST11 | G83: Sensor | H83: Shendga | I83: Bulk water meter | K83: 8254812306000027 | L83: 4841434D4C570001 | M83: 4841432D4D4C57202003180000025481 | AB83: Water flow
A84: J011 | B84: Jordan | C84: SM-SN:008000000403FCC7 | D84: 35.621113° | E84: 32.194249° | F84: ST12 | G84: Sensor | H84: SENSOTERRA | I84: Multi Depth Soil Moisture Se | K84: 008000000403FCC7 | L84: 70B3D5DC90000000 | M84: C876E1B950FD06B4870BFA650EA76C4D | AB84: 6 x depths: Soil Moisture, Soil Temperature
A85: J012 | B85: Jordan | C85: WM-SN: | D85: 35.621113° | E85: 32.194249° | F85: ST11 | G85: Sensor | H85: Shendga | I85: Bulk water meter | K85: 8254812306000029 | L85: 4841434D4C570001 | M85: 4841432D4D4C57202003180000025481 | AB85: 6 x depths: Soil Moisture, Soil Temperature
A86: J013 | B86: Jordan | C86: SM-SN: | D86: 35.621113° | E86: 32.194249° | F86: ST12 | G86: Sensor | H86: SENSOTERRA | I86: Multi Depth Soil Moisture Se | K86: 008000000403FCC4 | L86: 70B3D5DC90000000 | M86: 2DE9359F593AAE1D6C2BCB85DF47E1FB
A87: J014 | B87: Jordan | C87: WM-SN:2306120029 | D87: 35.613014° | E87: 32.174145° | F87: ST11 | G87: Sensor | H87: Shendga | I87: Bulk water meter | K87: 8254812306000024 | L87: 4841434D4C570001 | M87: 4841432D4D4C57202003180000025481 | AB87: Water flow
A88: J015 | B88: Jordan | C88: SM-SN:008000000403FCC4 | D88: 35.613014° | E88: 32.174145° | F88: ST12 | G88: Sensor | H88: SENSOTERRA | I88: Multi Depth Soil Moisture Se | K88: 008000000403FCEE | L88: 70B3D5DC90000000 | M88: 5996F09DD3B7FD51D6C8167CC8F8B083 | AB88: 6 x depths: Soil Moisture, Soil Temperature
A89: Area: Faisal Neimat
A90: JGW01 | B90: Jordan | D90: 35.629711° | E90: 32.180439° | F90: GT3 | G90: Gateway | H90: RAKWireless | I90: 7289V2 WisGate Edge Pro | K90: AC1F09FFFE0CF30A | L90: 918100QN6030606051 | AC90: this gateway maybe eliminated and this farm will be connected to NARC
A91: J014 | B91: Jordan | C91: WM-SN:2306120024 | D91: 35.629711° | E91: 32.180439° | F91: ST11 | G91: Sensor | H91: Shendga | I91: Bulk water meter | K91: 8254812306000024 | L91: 4841434D4C570001 | M91: 4841432D4D4C57202003180000025481 | AB91: Water flow
A92: J015 | B92: Jordan | C92: SM-SN:008000000403FCEE | D92: 35.629711° | E92: 32.180439° | F92: ST12 | G92: Sensor | H92: SENSOTERRA | I92: Multi Depth Soil Moisture Se | K92: 008000000403FC9C | L92: 70B3D5DC90000000 | M92: 914735D8A1111FD661DB9F328ECC31C2 | AB92: 6 x depths: Soil Moisture, Soil Temperature
A93: J017 | F93: ST13 | G93: Sensor | H93: SenseCap | I93: Multi-parameter Analyzer | K93: 2CF7F1C0523000E2
A94: Area: Telal Al Thahab
A95: JGW05 | B95: Jordan | C95: RAK-EUI:AC1F09FFFE0CF2EC | D95: 35.685885° | E95: 32.188872° | F95: GT3 | G95: Gateway | H95: RAKWireless | I95: 7289V2 WisGate Edge Pro | K95: AC1F09FFFE0CF2EC | L95: 918100QN6030606036
A96: J016 | B96: Jordan | C96: NODE-SN:114992872232300104 | D96: 35.685885° | E96: 32.188872° | F96: ST13 | G96: Sensor | H96: SenseCap | I96: Multi-parameter Analyzer | K96: 2CF7F1C05230012F | L96: CBB61DF2EFD97736 | M96: 7B005F0C5D9934B0783B716794E22609 | AB96: pH, EC, NH4, NO3,Temperature, level of ground water | AC96: SKU:114992872
A97: Area: King Talal Dam
A98: JGW06 | B98: Jordan | C98: RAK-EUI:AC1F09FFFE0CF2DA | F98: GT3 | G98: Gateway | H98: RAKWireless | K98: AC1F09FFFE0CF2DA | L98: 918100QN6030606027
A99: J019 | B99: Jordan | C99: WL-SN-114992872232300176 | F99: ST16 | G99: Sensor | H99: Materontek | I99: Level Transmitter | K99: 2CF7F1C052300177 | L99: FC4DECF8CC60328F | M99: EBD88708D4F8593A136C4710674F478A
A100: Area: Telal Al Thahab
A101: JGW07 | B101: Jordan | C101: RAK-EUI:AC1F09FFFE0CF2DA | D101: 35.685885° | E101: 32.188872° | F101: GT13 | G101: Gateway | H101: RAKWireless | K101: AC1F09FFFE0CF2DA
A102: J016 | B102: Jordan | C102: NODE-SN:114992872232300104 | F102: ST13 | G102: Sensor | H102: SenseCap | I102: Multi-parameter Analyzer | K102: 2CF7F1C05230012F | L102: CBB61DF2EFD97736 | M102: 7B005F0C5D9934B0783B716794E22609 | AB102: pH, EC, NH4, NO3,Temperature | AC102: SKU:114992872
B104: Jordan | C104: ??? | F104: ST10 | G104: =HLOOKUP($F104,'Sensor Type Details'!$B$1:$R$4,G$1+1) -> Weather station | H104: =HLOOKUP($F104,'Sensor Type Details'!$B$1:$R$4,H$1+1) -> No-lora | I104: =HLOOKUP($F104,'Sensor Type Details'!$B$1:$R$4,I$1+1) -> Weather station - old
K106: 008000000403FC99 | L106: 70B3D5DC90000000 | M106: a15796796d76855b5e42a7a86fea18b1
A107: PILOT - LEBANON
A108: L001 | B108: Lebanon | C108: Agrometeorology station | G108: Sensor | H108: Pessel | I108: Fieldclimate - Legacy
A109: L002 | B109: Lebanon | C109: Agrometeorology station | G109: Sensor | H109: Pessel | I109: Fieldclimate - Legacy
A110: L003 | B110: Lebanon | C110: Agrometeorology station | G110: Sensor | H110: Pessel | I110: Fieldclimate - Legacy
A111: L004 | B111: Lebanon | C111: SQ-R non-contact flowmeter LORA Modem MODBUS Interface | G111: Sensor | H111: Sommer | AB111: Water speed
A112: L005 | B112: Lebanon | C112: Aquatroll 200 Level Sensor and datalogger | G112: Sensor | H112: Aquatroll | I112: Aquatroll 200 | AB112: Temperature, level, conductivity
A113: L006 | B113: Lebanon | C113: Aquatroll 500 Multiparameter (Not-vented) | G113: Sensor | H113: Aquatroll | I113: Multiparameter 500 | AB113: Temperature, conductivity, pH, ORP, Nitrate, Chlorophyll
...

Sheet Datastream Definition
A1: Pilot | B1: Field Name | C1: Field Description | D1: Field Latitude | E1: Field Longitude | F1: Device ID | G1: Device Description | H1: Device Type | I1: Device EUI | J1: Property Key | K1: Property Name | L1: Property Description | M1: Unit Of Measurement | N1: Unit Of Measurement Symbol | O1: Datastream Name | P1: Datastream Description | Q1: Averages
A2: Demo | B2: Demo Field | C2: Demo sensors in ABI | D2: 40.727006 | E2: 8.5643235 | F2: D001 | G2: Compact and versatile environmental sensor module designed for monitoring temperature and humidity in various applications. | H2: ST01 | I2: 2cf7f1c043500183 | J2: air_temperature | K2: Air Temperature | L2: =VLOOKUP($K2,'Property names'!$A$1:$D$100,2,FALSE) -> The measure of the hotness or coldness of the air. | M2: =VLOOKUP($K2,'Property names'!$A$1:$D$100,3,FALSE) -> Degrees Celsius | N2: =VLOOKUP($K2,'Property names'!$A$1:$D$100,4,FALSE) -> ºC | O2: =SUBSTITUTE(CONCATENATE(B2,"_",F2,"_",J2)," ","_") -> Demo_Field_D001_air_temperature | P2: =CONCATENATE("The datastream containing mesures of field ",B2," by sensor ",F2," which measures ",K2,".") -> The datastream containing mesures of field Demo Field by sensor D001 which measures Air Temperature. | Q2: None
A3: Demo | B3: Demo Field | C3: Demo sensors in ABI | D3: 40.727006 | E3: 8.5643235 | F3: D001 | G3: Compact and versatile environmental sensor module designed for monitoring temperature and humidity in various applications. | H3: ST01 | I3: 2cf7f1c043500183 | J3: air_humidity | K3: Air Humidity | L3: =VLOOKUP($K3,'Property names'!$A$1:$D$100,2,FALSE) -> The amount of moisture or water vapor present in the air, often expressed as a percentage of the maximum amount the air could hold at a given temperature. | M3: =VLOOKUP($K3,'Property names'!$A$1:$D$100,3,FALSE) -> Percentage | N3: =VLOOKUP($K3,'Property names'!$A$1:$D$100,4,FALSE) -> % | O3: =SUBSTITUTE(CONCATENATE(B3,"_",F3,"_",J3)," ","_") -> Demo_Field_D001_air_humidity | P3: =CONCATENATE("The datastream containing mesures of field ",B3," by sensor ",F3," which measures ",K3,".") -> The datastream containing mesures of field Demo Field by sensor D001 which measures Air Humidity. | Q3: None
A4: Demo | B4: Demo Field | C4: Demo sensors in ABI | D4: 40.727006 | E4: 8.5643235 | F4: D001 | G4: Compact and versatile environmental sensor module designed for monitoring temperature and humidity in various applications. | H4: ST01 | I4: 2cf7f1c043500183 | J4: co2_concentration | K4: CO2 Concentration | L4: =VLOOKUP($K4,'Property names'!$A$1:$D$100,2,FALSE) -> The quantity of carbon dioxide gas present in the air, used to assess air quality and monitor environmental conditions. | M4: =VLOOKUP($K4,'Property names'!$A$1:$D$100,3,FALSE) -> Parts per million | N4: =VLOOKUP($K4,'Property names'!$A$1:$D$100,4,FALSE) -> ppm | O4: =SUBSTITUTE(CONCATENATE(B4,"_",F4,"_",J4)," ","_") -> Demo_Field_D001_co2_concentration | P4: =CONCATENATE("The datastream containing mesures of field ",B4," by sensor ",F4," which measures ",K4,".") -> The datastream containing mesures of field Demo Field by sensor D001 which measures CO2 Concentration. | Q4: None
A5: Demo | B5: Demo Field | C5: Demo sensors in ABI | D5: 40.727006 | E5: 8.5643235 | F5: D002 | G5: A sensor module for measuring soil moisture and temperature, ideal for agriculture and environmental monitoring. | H5: ST02 | I5: 2CF7F12031500017 | J5: soil_moisture | K5: Soil Moisture | L5: =VLOOKUP($K5,'Property names'!$A$1:$D$100,2,FALSE) -> The amount of moisture present in the soil, often expressed as a percentage of the maximum amount the soil could hold at a given temperature. | M5: =VLOOKUP($K5,'Property names'!$A$1:$D$100,3,FALSE) -> Percentage | N5: =VLOOKUP($K5,'Property names'!$A$1:$D$100,4,FALSE) -> % | O5: =SUBSTITUTE(CONCATENATE(B5,"_",F5,"_",J5)," ","_") -> Demo_Field_D002_soil_moisture | P5: =CONCATENATE("The datastream containing mesures of field ",B5," by sensor ",F5," which measures ",K5,".") -> The datastream containing mesures of field Demo Field by sensor D002 which measures Soil Moisture. | Q5: None
A6: Demo | B6: Demo Field | C6: Demo sensors in ABI | D6: 40.727006 | E6: 8.5643235 | F6: D002 | G6: A sensor module for measuring soil moisture and temperature, ideal for agriculture and environmental monitoring. | H6: ST02 | I6: 2CF7F12031500017 | J6: soil_temperature | K6: Soil Temperature | L6: =VLOOKUP($K6,'Property names'!$A$1:$D$100,2,FALSE) -> The measure of temperature of the soil. | M6: =VLOOKUP($K6,'Property names'!$A$1:$D$100,3,FALSE) -> Degrees Celsius | N6: =VLOOKUP($K6,'Property names'!$A$1:$D$100,4,FALSE) -> ºC | O6: =SUBSTITUTE(CONCATENATE(B6,"_",F6,"_",J6)," ","_") -> Demo_Field_D002_soil_temperature | P6: =CONCATENATE("The datastream containing mesures of field ",B6," by sensor ",F6," which measures ",K6,".") -> The datastream containing mesures of field Demo Field by sensor D002 which measures Soil Temperature. | Q6: None
A7: Demo | B7: Demo Field | C7: Demo sensors in ABI | D7: 40.727006 | E7: 8.5643235 | F7: D003 | G7: A LoRa-enabled controller for managing and controlling IoT devices, facilitating long-range wireless communication. | H7: ST03 | I7: 24e124414b106165 | J7: battery_level | K7: Battery Level | L7: =VLOOKUP($K7,'Property names'!$A$1:$D$100,2,FALSE) -> The percentage of battery level associated to the specific sensor. | M7: =VLOOKUP($K7,'Property names'!$A$1:$D$100,3,FALSE) -> Percentage | N7: =VLOOKUP($K7,'Property names'!$A$1:$D$100,4,FALSE) -> % | O7: =SUBSTITUTE(CONCATENATE(B7,"_",F7,"_",J7)," ","_") -> Demo_Field_D003_battery_level | P7: =CONCATENATE("The datastream containing mesures of field ",B7," by sensor ",F7," which measures ",K7,".") -> The datastream containing mesures of field Demo Field by sensor D003 which measures Battery Level. | Q7: None
A8: Demo | B8: Demo Field | C8: Demo sensors in ABI | D8: 40.727006 | E8: 8.5643235 | F8: D003 | G8: A LoRa-enabled controller for managing and controlling IoT devices, facilitating long-range wireless communication. | H8: ST03 | I8: 24e124414b106165 | J8: valve1_pulse | K8: Flowmeter pulses | L8: =VLOOKUP($K8,'Property names'!$A$1:$D$100,2,FALSE) -> The number of pulses read by flowmeter. Depending on flowmeter configuration it could correspond to a different number of cubic meter of water | M8: =VLOOKUP($K8,'Property names'!$A$1:$D$100,3,FALSE) -> Number of pulses | N8: =VLOOKUP($K8,'Property names'!$A$1:$D$100,4,FALSE) -> N/A | O8: =SUBSTITUTE(CONCATENATE(B8,"_",F8,"_",J8)," ","_") -> Demo_Field_D003_valve1_pulse | P8: =CONCATENATE("The datastream containing mesures of field ",B8," by sensor ",F8," which measures ",K8,".") -> The datastream containing mesures of field Demo Field by sensor D003 which measures Flowmeter pulses. | Q8: None
A9: Demo | B9: Demo Field | C9: Demo sensors in ABI | D9: 40.727006 | E9: 8.5643235 | F9: D003 | G9: A LoRa-enabled controller for managing and controlling IoT devices, facilitating long-range wireless communication. | H9: ST03 | I9: 24e124414b106165 | J9: valve1_status | K9: Valve status | L9: =VLOOKUP($K9,'Property names'!$A$1:$D$100,2,FALSE) -> The current condition of the valve controlled (opened or closed) | M9: =VLOOKUP($K9,'Property names'!$A$1:$D$100,3,FALSE) -> ON / OFF | N9: =VLOOKUP($K9,'Property names'!$A$1:$D$100,4,FALSE) -> N/A | O9: =SUBSTITUTE(CONCATENATE(B9,"_",F9,"_",J9)," ","_") -> Demo_Field_D003_valve1_status | P9: =CONCATENATE("The datastream containing mesures of field ",B9," by sensor ",F9," which measures ",K9,".") -> The datastream containing mesures of field Demo Field by sensor D003 which measures Valve status. | Q9: None
A10: Demo | B10: Demo Field | C10: Demo sensors in ABI | D10: 40.727006 | E10: 8.5643235 | F10: D003 | G10: A LoRa-enabled controller for managing and controlling IoT devices, facilitating long-range wireless communication. | H10: ST03 | I10: 24e124414b106165 | J10: valve2_pulse | K10: Flowmeter pulses | L10: =VLOOKUP($K10,'Property names'!$A$1:$D$100,2,FALSE) -> The number of pulses read by flowmeter. Depending on flowmeter configuration it could correspond to a different number of cubic meter of water | M10: =VLOOKUP($K10,'Property names'!$A$1:$D$100,3,FALSE) -> Number of pulses | N10: =VLOOKUP($K10,'Property names'!$A$1:$D$100,4,FALSE) -> N/A | O10: =SUBSTITUTE(CONCATENATE(B10,"_",F10,"_",J10)," ","_") -> Demo_Field_D003_valve2_pulse | P10: =CONCATENATE("The datastream containing mesures of field ",B10," by sensor ",F10," which measures ",K10,".") -> The datastream containing mesures of field Demo Field by sensor D003 which measures Flowmeter pulses. | Q10: None
A11: Demo | B11: Demo Field | C11: Demo sensors in ABI | D11: 40.727006 | E11: 8.5643235 | F11: D003 | G11: A LoRa-enabled controller for managing and controlling IoT devices, facilitating long-range wireless communication. | H11: ST03 | I11: 24e124414b106165 | J11: valve2_status | K11: Valve status | L11: =VLOOKUP($K11,'Property names'!$A$1:$D$100,2,FALSE) -> The current condition of the valve controlled (opened or closed) | M11: =VLOOKUP($K11,'Property names'!$A$1:$D$100,3,FALSE) -> ON / OFF | N11: =VLOOKUP($K11,'Property names'!$A$1:$D$100,4,FALSE) -> N/A | O11: =SUBSTITUTE(CONCATENATE(B11,"_",F11,"_",J11)," ","_") -> Demo_Field_D003_valve2_status | P11: =CONCATENATE("The datastream containing mesures of field ",B11," by sensor ",F11," which measures ",K11,".") -> The datastream containing mesures of field Demo Field by sensor D003 which measures Valve status. | Q11: None
A12: Demo | B12: Demo Field | C12: Demo sensors in ABI | D12: 40.727006 | E12: 8.5643235 | F12: D004 | G12: An advanced sensor capable of monitoring temperature and moisture at different depths. Useful for agronomic research activities. | H12: ST04 | I12: 3738383962376102 | J12: soil_moisture_1 | K12: Soil Moisture | L12: =VLOOKUP($K12,'Property names'!$A$1:$D$100,2,FALSE) -> The amount of moisture present in the soil, often expressed as a percentage of the maximum amount the soil could hold at a given temperature. | M12: =VLOOKUP($K12,'Property names'!$A$1:$D$100,3,FALSE) -> Percentage | N12: =VLOOKUP($K12,'Property names'!$A$1:$D$100,4,FALSE) -> % | O12: =SUBSTITUTE(CONCATENATE(B12,"_",F12,"_",J12)," ","_") -> Demo_Field_D004_soil_moisture_1 | P12: =CONCATENATE("The datastream containing mesures of field ",B12," by sensor ",F12," which measures ",K12,".") -> The datastream containing mesures of field Demo Field by sensor D004 which measures Soil Moisture. | Q12: None
A13: Demo | B13: Demo Field | C13: Demo sensors in ABI | D13: 40.727006 | E13: 8.5643235 | F13: D004 | G13: An advanced sensor capable of monitoring temperature and moisture at different depths. Useful for agronomic research activities. | H13: ST04 | I13: 3738383962376102 | J13: soil_moisture_2 | K13: Soil Moisture | L13: =VLOOKUP($K13,'Property names'!$A$1:$D$100,2,FALSE) -> The amount of moisture present in the soil, often expressed as a percentage of the maximum amount the soil could hold at a given temperature. | M13: =VLOOKUP($K13,'Property names'!$A$1:$D$100,3,FALSE) -> Percentage | N13: =VLOOKUP($K13,'Property names'!$A$1:$D$100,4,FALSE) -> % | O13: =SUBSTITUTE(CONCATENATE(B13,"_",F13,"_",J13)," ","_") -> Demo_Field_D004_soil_moisture_2 | P13: =CONCATENATE("The datastream containing mesures of field ",B13," by sensor ",F13," which measures ",K13,".") -> The datastream containing mesures of field Demo Field by sensor D004 which measures Soil Moisture. | Q13: None
... A24: Demo | B24: Demo Field | C24: Demo sensors in ABI | D24: 40.727006 | E24: 8.5643235 | F24: D004 | G24: An advanced sensor capable of monitoring temperature and moisture at different depths. Useful for agronomic research activities. | H24: ST04 | I24: 3738383962376102 | J24: soil_temperature_6 | K24: Soil Temperature | L24: =VLOOKUP($K24,'Property names'!$A$1:$D$100,2,FALSE) -> The measure of temperature of the soil. | M24: =VLOOKUP($K24,'Property names'!$A$1:$D$100,3,FALSE) -> Degrees Celsius | N24: =VLOOKUP($K24,'Property names'!$A$1:$D$100,4,FALSE) -> ºC | O24: =SUBSTITUTE(CONCATENATE(B24,"_",F24,"_",J24)," ","_") -> Demo_Field_D004_soil_temperature_6 | P24: =CONCATENATE("The datastream containing mesures of field ",B24," by sensor ",F24," which measures ",K24,".") -> The datastream containing mesures of field Demo Field by sensor D004 which measures Soil Temperature. | Q24: None
A25: Demo | B25: Demo Field | C25: Demo sensors in ABI | D25: 40.727006 | E25: 8.5643235 | F25: D005 | G25: A sensor for counting and transmitting the pulse produced by a flowmeter. | H25: =VLOOKUP(F25,'All sensors Installed'!$A$2:$I$1119,6,) -> ST05 | I25: AC1F09FFFE04E43F | J25: count | K25: Flowmeter pulses | L25: =VLOOKUP($K25,'Property names'!$A$1:$D$100,2,FALSE) -> The number of pulses read by flowmeter. Depending on flowmeter configuration it could correspond to a different number of cubic meter of water | M25: =VLOOKUP($K25,'Property names'!$A$1:$D$100,3,FALSE) -> Number of pulses | N25: =VLOOKUP($K25,'Property names'!$A$1:$D$100,4,FALSE) -> N/A | O25: =SUBSTITUTE(CONCATENATE(B25,"_",F25,"_",J25)," ","_") -> Demo_Field_D005_count | P25: =CONCATENATE("The datastream containing mesures of field ",B25," by sensor ",F25," which measures ",K25,".") -> The datastream containing mesures of field Demo Field by sensor D005 which measures Flowmeter pulses. | Q25: None
A26: Demo | B26: Demo Field | C26: Demo sensors in ABI | D26: 40.727006 | E26: 8.5643235 | F26: D005 | G26: A sensor for counting and transmitting the pulse produced by a flowmeter. | H26: =VLOOKUP(F26,'All sensors Installed'!$A$2:$I$1119,6,) -> ST05 | I26: AC1F09FFFE04E43F | J26: leak | K26: Leak warning | L26: =VLOOKUP($K26,'Property names'!$A$1:$D$100,2,FALSE) -> A warning in case of water leak detected | M26: =VLOOKUP($K26,'Property names'!$A$1:$D$100,3,FALSE) -> True / False | N26: =VLOOKUP($K26,'Property names'!$A$1:$D$100,4,FALSE) -> N/A | O26: =SUBSTITUTE(CONCATENATE(B26,"_",F26,"_",J26)," ","_") -> Demo_Field_D005_leak | P26: =CONCATENATE("The datastream containing mesures of field ",B26," by sensor ",F26," which measures ",K26,".") -> The datastream containing mesures of field Demo Field by sensor D005 which measures Leak warning. | Q26: None
A27: Demo | B27: Demo Field | C27: Demo sensors in ABI | D27: 40.727006 | E27: 8.5643235 | F27: D005 | G27: A sensor for counting and transmitting the pulse produced by a flowmeter. | H27: =VLOOKUP(F27,'All sensors Installed'!$A$2:$I$1119,6,) -> ST05 | I27: AC1F09FFFE04E43F | J27: system_voltage | K27: Battery Voltage | L27: =VLOOKUP($K27,'Property names'!$A$1:$D$100,2,FALSE) -> The electrical potential in a battery, indicating its charge level. | M27: =VLOOKUP($K27,'Property names'!$A$1:$D$100,3,FALSE) -> Millivolts | N27: =VLOOKUP($K27,'Property names'!$A$1:$D$100,4,FALSE) -> mV | O27: =SUBSTITUTE(CONCATENATE(B27,"_",F27,"_",J27)," ","_") -> Demo_Field_D005_system_voltage | P27: =CONCATENATE("The datastream containing mesures of field ",B27," by sensor ",F27," which measures ",K27,".") -> The datastream containing mesures of field Demo Field by sensor D005 which measures Battery Voltage. | Q27: None
A28: Italy | B28: Torresan | C28: Sensors owned by UNISS | D28: 39.77597 | E28: 8.54903 | F28: I001 | G28: An advanced sensor capable of monitoring temperature and moisture at different depths. Useful for agronomic research activities. | H28: =VLOOKUP(F28,'All sensors Installed'!$A$2:$K$1119,6,) -> ST04 | I28: =VLOOKUP(F28,'All sensors Installed'!$A$2:$K$1119,11,) -> AC1F09FFFE04E48A | J28: soil_moisture_1 | K28: Soil Moisture | L28: =VLOOKUP($K28,'Property names'!$A$1:$D$100,2,FALSE) -> The amount of moisture present in the soil, often expressed as a percentage of the maximum amount the soil could hold at a given temperature. | M28: =VLOOKUP($K28,'Property names'!$A$1:$D$100,3,FALSE) -> Percentage | N28: =VLOOKUP($K28,'Property names'!$A$1:$D$100,4,FALSE) -> % | O28: =SUBSTITUTE(CONCATENATE(B28,"_",F28,"_",J28)," ","_") -> Torresan_I001_soil_moisture_1 | P28: =CONCATENATE("The datastream containing mesures of field ",B28," by sensor ",F28," which measures ",K28,".") -> The datastream containing mesures of field Torresan by sensor I001 which measures Soil Moisture. | Q28: None
A29: Italy | B29: Torresan | C29: Sensors owned by UNISS | D29: 39.77597 | E29: 8.54903 | F29: I001 | G29: An advanced sensor capable of monitoring temperature and moisture at different depths. Useful for agronomic research activities. | H29: =VLOOKUP(F29,'All sensors Installed'!$A$2:$K$1119,6,) -> ST04 | I29: =VLOOKUP(F29,'All sensors Installed'!$A$2:$K$1119,11,) -> AC1F09FFFE04E48A | J29: soil_moisture_2 | K29: Soil Moisture | L29: =VLOOKUP($K29,'Property names'!$A$1:$D$100,2,FALSE) -> The amount of moisture present in the soil, often expressed as a percentage of the maximum amount the soil could hold at a given temperature. | M29: =VLOOKUP($K29,'Property names'!$A$1:$D$100,3,FALSE) -> Percentage | N29: =VLOOKUP($K29,'Property names'!$A$1:$D$100,4,FALSE) -> % | O29: =SUBSTITUTE(CONCATENATE(B29,"_",F29,"_",J29)," ","_") -> Torresan_I001_soil_moisture_2 | P29: =CONCATENATE("The datastream containing mesures of field ",B29," by sensor ",F29," which measures ",K29,".") -> The datastream containing mesures of field Torresan by sensor I001 which measures Soil Moisture. | Q29: None
A30: Italy | B30: Torresan | C30: Sensors owned by UNISS | D30: 39.77597 | E30: 8.54903 | F30: I001 | G30: An advanced sensor capable of monitoring temperature and moisture at different depths. Useful for agronomic research activities. | H30: =VLOOKUP(F30,'All sensors Installed'!$A$2:$K$1119,6,) -> ST04 | I30: =VLOOKUP(F30,'All sensors Installed'!$A$2:$K$1119,11,) -> AC1F09FFFE04E48A | J30: soil_moisture_3 | K30: Soil Moisture | L30: =VLOOKUP($K30,'Property names'!$A$1:$D$100,2,FALSE) -> The amount of moisture present in the soil, often expressed as a percentage of the maximum amount the soil could hold at a given temperature. | M30: =VLOOKUP($K30,'Property names'!$A$1:$D$100,3,FALSE) -> Percentage | N30: =VLOOKUP($K30,'Property names'!$A$1:$D$100,4,FALSE) -> % | O30: =SUBSTITUTE(CONCATENATE(B30,"_",F30,"_",J30)," ","_") -> Torresan_I001_soil_moisture_3 | P30: =CONCATENATE("The datastream containing mesures of field ",B30," by sensor ",F30," which measures ",K30,".") -> The datastream containing mesures of field Torresan by sensor I001 which measures Soil Moisture. | Q30: None
A31: Italy | B31: Torresan | C31: Sensors owned by UNISS | D31: 39.77597 | E31: 8.54903 | F31: I001 | G31: An advanced sensor capable of monitoring temperature and moisture at different depths. Useful for agronomic research activities. | H31: =VLOOKUP(F31,'All sensors Installed'!$A$2:$K$1119,6,) -> ST04 | I31: =VLOOKUP(F31,'All sensors Installed'!$A$2:$K$1119,11,) -> AC1F09FFFE04E48A | J31: soil_moisture_4 | K31: Soil Moisture | L31: =VLOOKUP($K31,'Property names'!$A$1:$D$100,2,FALSE) -> The amount of moisture present in the soil, often expressed as a percentage of the maximum amount the soil could hold at a given temperature. | M31: =VLOOKUP($K31,'Property names'!$A$1:$D$100,3,FALSE) -> Percentage | N31: =VLOOKUP($K31,'Property names'!$A$1:$D$100,4,FALSE) -> % | O31: =SUBSTITUTE(CONCATENATE(B31,"_",F31,"_",J31)," ","_") -> Torresan_I001_soil_moisture_4 | P31: =CONCATENATE("The datastream containing mesures of field ",B31," by sensor ",F31," which measures ",K31,".") -> The datastream containing mesures of field Torresan by sensor I001 which measures Soil Moisture. | Q31: None
A32: Italy | B32: Torresan | C32: Sensors owned by UNISS | D32: 39.77597 | E32: 8.54903 | F32: I001 | G32: An advanced sensor capable of monitoring temperature and moisture at different depths. Useful for agronomic research activities. | H32: =VLOOKUP(F32,'All sensors Installed'!$A$2:$K$1119,6,) -> ST04 | I32: =VLOOKUP(F32,'All sensors Installed'!$A$2:$K$1119,11,) -> AC1F09FFFE04E48A | J32: soil_moisture_5 | K32: Soil Moisture | L32: =VLOOKUP($K32,'Property names'!$A$1:$D$100,2,FALSE) -> The amount of moisture present in the soil, often expressed as a percentage of the maximum amount the soil could hold at a given temperature. | M32: =VLOOKUP($K32,'Property names'!$A$1:$D$100,3,FALSE) -> Percentage | N32: =VLOOKUP($K32,'Property names'!$A$1:$D$100,4,FALSE) -> % | O32: =SUBSTITUTE(CONCATENATE(B32,"_",F32,"_",J32)," ","_") -> Torresan_I001_soil_moisture_5 | P32: =CONCATENATE("The datastream containing mesures of field ",B32," by sensor ",F32," which measures ",K32,".") -> The datastream containing mesures of field Torresan by sensor I001 which measures Soil Moisture. | Q32: None
A33: Italy | B33: Torresan | C33: Sensors owned by UNISS | D33: 39.77597 | E33: 8.54903 | F33: I001 | G33: An advanced sensor capable of monitoring temperature and moisture at different depths. Useful for agronomic research activities. | H33: =VLOOKUP(F33,'All sensors Installed'!$A$2:$K$1119,6,) -> ST04 | I33: =VLOOKUP(F33,'All sensors Installed'!$A$2:$K$1119,11,) -> AC1F09FFFE04E48A | J33: soil_moisture_6 | K33: Soil Moisture | L33: =VLOOKUP($K33,'Property names'!$A$1:$D$100,2,FALSE) -> The amount of moisture present in the soil, often expressed as a percentage of the maximum amount the soil could hold at a given temperature. | M33: =VLOOKUP($K33,'Property names'!$A$1:$D$100,3,FALSE) -> Percentage | N33: =VLOOKUP($K33,'Property names'!$A$1:$D$100,4,FALSE) -> % | O33: =SUBSTITUTE(CONCATENATE(B33,"_",F33,"_",J33)," ","_") -> Torresan_I001_soil_moisture_6 | P33: =CONCATENATE("The datastream containing mesures of field ",B33," by sensor ",F33," which measures ",K33,".") -> The datastream containing mesures of field Torresan by sensor I001 which measures Soil Moisture. | Q33: None
A34: Italy | B34: Torresan | C34: Sensors owned by UNISS | D34: 39.77597 | E34: 8.54903 | F34: I001 | G34: An advanced sensor capable of monitoring temperature and moisture at different depths. Useful for agronomic research activities. | H34: =VLOOKUP(F34,'All sensors Installed'!$A$2:$K$1119,6,) -> ST04 | I34: =VLOOKUP(F34,'All sensors Installed'!$A$2:$K$1119,11,) -> AC1F09FFFE04E48A | J34: ambient_temperature | K34: Air Temperature | L34: =VLOOKUP($K34,'Property names'!$A$1:$D$100,2,FALSE) -> The measure of the hotness or coldness of the air. | M34: =VLOOKUP($K34,'Property names'!$A$1:$D$100,3,FALSE) -> Degrees Celsius | N34: =VLOOKUP($K34,'Property names'!$A$1:$D$100,4,FALSE) -> ºC | O34: =SUBSTITUTE(CONCATENATE(B34,"_",F34,"_",J34)," ","_") -> Torresan_I001_ambient_temperature | P34: =CONCATENATE("The datastream containing mesures of field ",B34," by sensor ",F34," which measures ",K34,".") -> The datastream containing mesures of field Torresan by sensor I001 which measures Air Temperature. | Q34: None
A35: Italy | B35: Torresan | C35: Sensors owned by UNISS | D35: 39.77597 | E35: 8.54903 | F35: I001 | G35: An advanced sensor capable of monitoring temperature and moisture at different depths. Useful for agronomic research activities. | H35: =VLOOKUP(F35,'All sensors Installed'!$A$2:$K$1119,6,) -> ST04 | I35: =VLOOKUP(F35,'All sensors Installed'!$A$2:$K$1119,11,) -> AC1F09FFFE04E48A | J35: soil_temperature_1 | K35: Soil Temperature | L35: =VLOOKUP($K35,'Property names'!$A$1:$D$100,2,FALSE) -> The measure of temperature of the soil. | M35: =VLOOKUP($K35,'Property names'!$A$1:$D$100,3,FALSE) -> Degrees Celsius | N35: =VLOOKUP($K35,'Property names'!$A$1:$D$100,4,FALSE) -> ºC | O35: =SUBSTITUTE(CONCATENATE(B35,"_",F35,"_",J35)," ","_") -> Torresan_I001_soil_temperature_1 | P35: =CONCATENATE("The datastream containing mesures of field ",B35," by sensor ",F35," which measures ",K35,".") -> The datastream containing mesures of field Torresan by sensor I001 which measures Soil Temperature. | Q35: None
A36: Italy | B36: Torresan | C36: Sensors owned by UNISS | D36: 39.77597 | E36: 8.54903 | F36: I001 | G36: An advanced sensor capable of monitoring temperature and moisture at different depths. Useful for agronomic research activities. | H36: =VLOOKUP(F36,'All sensors Installed'!$A$2:$K$1119,6,) -> ST04 | I36: =VLOOKUP(F36,'All sensors Installed'!$A$2:$K$1119,11,) -> AC1F09FFFE04E48A | J36: soil_temperature_2 | K36: Soil Temperature | L36: =VLOOKUP($K36,'Property names'!$A$1:$D$100,2,FALSE) -> The measure of temperature of the soil. | M36: =VLOOKUP($K36,'Property names'!$A$1:$D$100,3,FALSE) -> Degrees Celsius | N36: =VLOOKUP($K36,'Property names'!$A$1:$D$100,4,FALSE) -> ºC | O36: =SUBSTITUTE(CONCATENATE(B36,"_",F36,"_",J36)," ","_") -> Torresan_I001_soil_temperature_2 | P36: =CONCATENATE("The datastream containing mesures of field ",B36," by sensor ",F36," which measures ",K36,".") -> The datastream containing mesures of field Torresan by sensor I001 which measures Soil Temperature. | Q36: None
A37: Italy | B37: Torresan | C37: Sensors owned by UNISS | D37: 39.77597 | E37: 8.54903 | F37: I001 | G37: An advanced sensor capable of monitoring temperature and moisture at different depths. Useful for agronomic research activities. | H37: =VLOOKUP(F37,'All sensors Installed'!$A$2:$K$1119,6,) -> ST04 | I37: =VLOOKUP(F37,'All sensors Installed'!$A$2:$K$1119,11,) -> AC1F09FFFE04E48A | J37: soil_temperature_3 | K37: Soil Temperature | L37: =VLOOKUP($K37,'Property names'!$A$1:$D$100,2,FALSE) -> The measure of temperature of the soil. | M37: =VLOOKUP($K37,'Property names'!$A$1:$D$100,3,FALSE) -> Degrees Celsius | N37: =VLOOKUP($K37,'Property names'!$A$1:$D$100,4,FALSE) -> ºC | O37: =SUBSTITUTE(CONCATENATE(B37,"_",F37,"_",J37)," ","_") -> Torresan_I001_soil_temperature_3 | P37: =CONCATENATE("The datastream containing mesures of field ",B37," by sensor ",F37," which measures ",K37,".") -> The datastream containing mesures of field Torresan by sensor I001 which measures Soil Temperature. | Q37: None
A38: Italy | B38: Torresan | C38: Sensors owned by UNISS | D38: 39.77597 | E38: 8.54903 | F38: I001 | G38: An advanced sensor capable of monitoring temperature and moisture at different depths. Useful for agronomic research activities. | H38: =VLOOKUP(F38,'All sensors Installed'!$A$2:$K$1119,6,) -> ST04 | I38: =VLOOKUP(F38,'All sensors Installed'!$A$2:$K$1119,11,) -> AC1F09FFFE04E48A | J38: soil_temperature_4 | K38: Soil Temperature | L38: =VLOOKUP($K38,'Property names'!$A$1:$D$100,2,FALSE) -> The measure of temperature of the soil. | M38: =VLOOKUP($K38,'Property names'!$A$1:$D$100,3,FALSE) -> Degrees Celsius | N38: =VLOOKUP($K38,'Property names'!$A$1:$D$100,4,FALSE) -> ºC | O38: =SUBSTITUTE(CONCATENATE(B38,"_",F38,"_",J38)," ","_") -> Torresan_I001_soil_temperature_4 | P38: =CONCATENATE("The datastream containing mesures of field ",B38," by sensor ",F38," which measures ",K38,".") -> The datastream containing mesures of field Torresan by sensor I001 which measures Soil Temperature. | Q38: None
A39: Italy | B39: Torresan | C39: Sensors owned by UNISS | D39: 39.77597 | E39: 8.54903 | F39: I001 | G39: An advanced sensor capable of monitoring temperature and moisture at different depths. Useful for agronomic research activities. | H39: =VLOOKUP(F39,'All sensors Installed'!$A$2:$K$1119,6,) -> ST04 | I39: =VLOOKUP(F39,'All sensors Installed'!$A$2:$K$1119,11,) -> AC1F09FFFE04E48A | J39: soil_temperature_5 | K39: Soil Temperature | L39: =VLOOKUP($K39,'Property names'!$A$1:$D$100,2,FALSE) -> The measure of temperature of the soil. | M39: =VLOOKUP($K39,'Property names'!$A$1:$D$100,3,FALSE) -> Degrees Celsius | N39: =VLOOKUP($K39,'Property names'!$A$1:$D$100,4,FALSE) -> ºC | O39: =SUBSTITUTE(CONCATENATE(B39,"_",F39,"_",J39)," ","_") -> Torresan_I001_soil_temperature_5 | P39: =CONCATENATE("The datastream containing mesures of field ",B39," by sensor ",F39," which measures ",K39,".") -> The datastream containing mesures of field Torresan by sensor I001 which measures Soil Temperature. | Q39: None
... A157: Italy | B157: Pivetta | C157: Sensors owned by UNISS | D157: 39.71772 | E157: 8.53533 | F157: I010 | G157: An advanced sensor capable of monitoring temperature and moisture at different depths. Useful for agronomic research activities. | H157: =VLOOKUP(F157,'All sensors Installed'!$A$2:$K$1119,6,) -> ST04 | I157: =VLOOKUP(F157,'All sensors Installed'!$A$2:$K$1119,11,) -> AC1F09FFFE04E312 | J157: soil_temperature_6 | K157: Soil Temperature | L157: =VLOOKUP($K157,'Property names'!$A$1:$D$100,2,FALSE) -> The measure of temperature of the soil. | M157: =VLOOKUP($K157,'Property names'!$A$1:$D$100,3,FALSE) -> Degrees Celsius | N157: =VLOOKUP($K157,'Property names'!$A$1:$D$100,4,FALSE) -> ºC | O157: =SUBSTITUTE(CONCATENATE(B157,"_",F157,"_",J157)," ","_") -> Pivetta_I010_soil_temperature_6 | P157: =CONCATENATE("The datastream containing mesures of field ",B157," by sensor ",F157," which measures ",K157,".") -> The datastream containing mesures of field Pivetta by sensor I010 which measures Soil Temperature. | Q157: None
A158: Italy | B158: Centro Aziendale | C158: Sensors owned by UNISS | D158: 39.94489 | E158: 8.69725 | F158: I011 | G158: Water flow meter equipped with LoRaWAN transmitter | H158: ST06 | I158: =VLOOKUP(F158,'All sensors Installed'!$A$2:$K$1119,11,) -> 78D800B023960378 | J158: water_count | K158: Flowmeter pulses | L158: =VLOOKUP($K158,'Property names'!$A$1:$D$100,2,FALSE) -> The number of pulses read by flowmeter. Depending on flowmeter configuration it could correspond to a different number of cubic meter of water | M158: =VLOOKUP($K158,'Property names'!$A$1:$D$100,3,FALSE) -> Number of pulses | N158: =VLOOKUP($K158,'Property names'!$A$1:$D$100,4,FALSE) -> N/A | O158: =SUBSTITUTE(CONCATENATE(B158,"_",F158,"_",J158)," ","_") -> Centro_Aziendale_I011_water_count | P158: =CONCATENATE("The datastream containing mesures of field ",B158," by sensor ",F158," which measures ",K158,".") -> The datastream containing mesures of field Centro Aziendale by sensor I011 which measures Flowmeter pulses. | Q158: None
A159: Italy | B159: Centro Aziendale | C159: Sensors owned by UNISS | D159: 39.94489 | E159: 8.69725 | F159: I011 | G159: Water flow meter equipped with LoRaWAN transmitter | H159: ST06 | I159: =VLOOKUP(F159,'All sensors Installed'!$A$2:$K$1119,11,) -> 78D800B023960378 | J159: water_count_m3 | K159: Water count m^3 | L159: =VLOOKUP($K159,'Property names'!$A$1:$D$100,2,FALSE) -> Incremental counting of water passed by the flowmeter | M159: =VLOOKUP($K159,'Property names'!$A$1:$D$100,3,FALSE) -> Cubic meters | N159: =VLOOKUP($K159,'Property names'!$A$1:$D$100,4,FALSE) -> m^3 | O159: =SUBSTITUTE(CONCATENATE(B159,"_",F159,"_",J159)," ","_") -> Centro_Aziendale_I011_water_count_m3 | P159: =CONCATENATE("The datastream containing mesures of field ",B159," by sensor ",F159," which measures ",K159,".") -> The datastream containing mesures of field Centro Aziendale by sensor I011 which measures Water count m^3. | Q159: None
A160: Italy | B160: Mazzacaddeo | C160: Sensors owned by UNISS | D160: 39.94869 | E160: 8.680194 | F160: I013 | G160: Water flow meter equipped with LoRaWAN transmitter | H160: ST06 | I160: =VLOOKUP(F160,'All sensors Installed'!$A$2:$K$1119,11,) -> 78D800B023960380 | J160: water_count | K160: Flowmeter pulses | L160: =VLOOKUP($K160,'Property names'!$A$1:$D$100,2,FALSE) -> The number of pulses read by flowmeter. Depending on flowmeter configuration it could correspond to a different number of cubic meter of water | M160: =VLOOKUP($K160,'Property names'!$A$1:$D$100,3,FALSE) -> Number of pulses | N160: =VLOOKUP($K160,'Property names'!$A$1:$D$100,4,FALSE) -> N/A | O160: =SUBSTITUTE(CONCATENATE(B160,"_",F160,"_",J160)," ","_") -> Mazzacaddeo_I013_water_count | P160: =CONCATENATE("The datastream containing mesures of field ",B160," by sensor ",F160," which measures ",K160,".") -> The datastream containing mesures of field Mazzacaddeo by sensor I013 which measures Flowmeter pulses. | Q160: None
A161: Italy | B161: Mazzacaddeo | C161: Sensors owned by UNISS | D161: 39.94869 | E161: 8.680194 | F161: I013 | G161: Water flow meter equipped with LoRaWAN transmitter | H161: ST06 | I161: =VLOOKUP(F161,'All sensors Installed'!$A$2:$K$1119,11,) -> 78D800B023960380 | J161: water_count_m3 | K161: Water count m^3 | L161: =VLOOKUP($K161,'Property names'!$A$1:$D$100,2,FALSE) -> Incremental counting of water passed by the flowmeter | M161: =VLOOKUP($K161,'Property names'!$A$1:$D$100,3,FALSE) -> Cubic meters | N161: =VLOOKUP($K161,'Property names'!$A$1:$D$100,4,FALSE) -> m^3 | O161: =SUBSTITUTE(CONCATENATE(B161,"_",F161,"_",J161)," ","_") -> Mazzacaddeo_I013_water_count_m3 | P161: =CONCATENATE("The datastream containing mesures of field ",B161," by sensor ",F161," which measures ",K161,".") -> The datastream containing mesures of field Mazzacaddeo by sensor I013 which measures Water count m^3. | Q161: None
A162: Italy | B162: Perra 2 | C162: Sensors owned by UNISS | D162: 39.94853 | E162: 8.681917 | F162: I014 | G162: Water flow meter equipped with LoRaWAN transmitter | H162: ST06 | I162: =VLOOKUP(F162,'All sensors Installed'!$A$2:$K$1119,11,) -> 78D800B023960381 | J162: water_count | K162: Flowmeter pulses | L162: =VLOOKUP($K162,'Property names'!$A$1:$D$100,2,FALSE) -> The number of pulses read by flowmeter. Depending on flowmeter configuration it could correspond to a different number of cubic meter of water | M162: =VLOOKUP($K162,'Property names'!$A$1:$D$100,3,FALSE) -> Number of pulses | N162: =VLOOKUP($K162,'Property names'!$A$1:$D$100,4,FALSE) -> N/A | O162: =SUBSTITUTE(CONCATENATE(B162,"_",F162,"_",J162)," ","_") -> Perra_2_I014_water_count | P162: =CONCATENATE("The datastream containing mesures of field ",B162," by sensor ",F162," which measures ",K162,".") -> The datastream containing mesures of field Perra 2 by sensor I014 which measures Flowmeter pulses. | Q162: None
A163: Italy | B163: Perra 2 | C163: Sensors owned by UNISS | D163: 39.94853 | E163: 8.681917 | F163: I014 | G163: Water flow meter equipped with LoRaWAN transmitter | H163: ST06 | I163: =VLOOKUP(F163,'All sensors Installed'!$A$2:$K$1119,11,) -> 78D800B023960381 | J163: water_count_m3 | K163: Water count m^3 | L163: =VLOOKUP($K163,'Property names'!$A$1:$D$100,2,FALSE) -> Incremental counting of water passed by the flowmeter | M163: =VLOOKUP($K163,'Property names'!$A$1:$D$100,3,FALSE) -> Cubic meters | N163: =VLOOKUP($K163,'Property names'!$A$1:$D$100,4,FALSE) -> m^3 | O163: =SUBSTITUTE(CONCATENATE(B163,"_",F163,"_",J163)," ","_") -> Perra_2_I014_water_count_m3 | P163: =CONCATENATE("The datastream containing mesures of field ",B163," by sensor ",F163," which measures ",K163,".") -> The datastream containing mesures of field Perra 2 by sensor I014 which measures Water count m^3. | Q163: None
A164: Italy | B164: Torresan | C164: Sensors owned by UNISS | D164: 39.77597 | E164: 8.54903 | F164: I015 | G164: Water flow meter equipped with LoRaWAN transmitter | H164: ST06 | I164: =VLOOKUP(F164,'All sensors Installed'!$A$2:$K$1119,11,) -> 78D800B023960382 | J164: water_count | K164: Flowmeter pulses | L164: =VLOOKUP($K164,'Property names'!$A$1:$D$100,2,FALSE) -> The number of pulses read by flowmeter. Depending on flowmeter configuration it could correspond to a different number of cubic meter of water | M164: =VLOOKUP($K164,'Property names'!$A$1:$D$100,3,FALSE) -> Number of pulses | N164: =VLOOKUP($K164,'Property names'!$A$1:$D$100,4,FALSE) -> N/A | O164: =SUBSTITUTE(CONCATENATE(B164,"_",F164,"_",J164)," ","_") -> Torresan_I015_water_count | P164: =CONCATENATE("The datastream containing mesures of field ",B164," by sensor ",F164," which measures ",K164,".") -> The datastream containing mesures of field Torresan by sensor I015 which measures Flowmeter pulses. | Q164: None
A165: Italy | B165: Torresan | C165: Sensors owned by UNISS | D165: 39.77597 | E165: 8.54903 | F165: I015 | G165: Water flow meter equipped with LoRaWAN transmitter | H165: ST06 | I165: =VLOOKUP(F165,'All sensors Installed'!$A$2:$K$1119,11,) -> 78D800B023960382 | J165: water_count_m3 | K165: Water count m^3 | L165: =VLOOKUP($K165,'Property names'!$A$1:$D$100,2,FALSE) -> Incremental counting of water passed by the flowmeter | M165: =VLOOKUP($K165,'Property names'!$A$1:$D$100,3,FALSE) -> Cubic meters | N165: =VLOOKUP($K165,'Property names'!$A$1:$D$100,4,FALSE) -> m^3 | O165: =SUBSTITUTE(CONCATENATE(B165,"_",F165,"_",J165)," ","_") -> Torresan_I015_water_count_m3 | P165: =CONCATENATE("The datastream containing mesures of field ",B165," by sensor ",F165," which measures ",K165,".") -> The datastream containing mesures of field Torresan by sensor I015 which measures Water count m^3. | Q165: None
A166: Italy | B166: Torresan | C166: Sensors owned by UNISS | D166: 39.77614 | E166: 8.5485 | F166: I016 | G166: Water flow meter equipped with LoRaWAN transmitter | H166: ST06 | I166: =VLOOKUP(F166,'All sensors Installed'!$A$2:$K$1119,11,) -> 78D800B023960383 | J166: water_count | K166: Flowmeter pulses | L166: =VLOOKUP($K166,'Property names'!$A$1:$D$100,2,FALSE) -> The number of pulses read by flowmeter. Depending on flowmeter configuration it could correspond to a different number of cubic meter of water | M166: =VLOOKUP($K166,'Property names'!$A$1:$D$100,3,FALSE) -> Number of pulses | N166: =VLOOKUP($K166,'Property names'!$A$1:$D$100,4,FALSE) -> N/A | O166: =SUBSTITUTE(CONCATENATE(B166,"_",F166,"_",J166)," ","_") -> Torresan_I016_water_count | P166: =CONCATENATE("The datastream containing mesures of field ",B166," by sensor ",F166," which measures ",K166,".") -> The datastream containing mesures of field Torresan by sensor I016 which measures Flowmeter pulses. | Q166: None
A167: Italy | B167: Torresan | C167: Sensors owned by UNISS | D167: 39.77614 | E167: 8.5485 | F167: I016 | G167: Water flow meter equipped with LoRaWAN transmitter | H167: ST06 | I167: =VLOOKUP(F167,'All sensors Installed'!$A$2:$K$1119,11,) -> 78D800B023960383 | J167: water_count_m3 | K167: Water count m^3 | L167: =VLOOKUP($K167,'Property names'!$A$1:$D$100,2,FALSE) -> Incremental counting of water passed by the flowmeter | M167: =VLOOKUP($K167,'Property names'!$A$1:$D$100,3,FALSE) -> Cubic meters | N167: =VLOOKUP($K167,'Property names'!$A$1:$D$100,4,FALSE) -> m^3 | O167: =SUBSTITUTE(CONCATENATE(B167,"_",F167,"_",J167)," ","_") -> Torresan_I016_water_count_m3 | P167: =CONCATENATE("The datastream containing mesures of field ",B167," by sensor ",F167," which measures ",K167,".") -> The datastream containing mesures of field Torresan by sensor I016 which measures Water count m^3. | Q167: None
A168: Italy | B168: Pinos | C168: Sensors owned by UNISS | D168: 39.76103 | E168: 8.580694 | F168: I017 | G168: Water flow meter equipped with LoRaWAN transmitter | H168: ST06 | I168: =VLOOKUP(F168,'All sensors Installed'!$A$2:$K$1119,11,) -> 78D800B023960384 | J168: water_count | K168: Flowmeter pulses | L168: =VLOOKUP($K168,'Property names'!$A$1:$D$100,2,FALSE) -> The number of pulses read by flowmeter. Depending on flowmeter configuration it could correspond to a different number of cubic meter of water | M168: =VLOOKUP($K168,'Property names'!$A$1:$D$100,3,FALSE) -> Number of pulses | N168: =VLOOKUP($K168,'Property names'!$A$1:$D$100,4,FALSE) -> N/A | O168: =SUBSTITUTE(CONCATENATE(B168,"_",F168,"_",J168)," ","_") -> Pinos_I017_water_count | P168: =CONCATENATE("The datastream containing mesures of field ",B168," by sensor ",F168," which measures ",K168,".") -> The datastream containing mesures of field Pinos by sensor I017 which measures Flowmeter pulses. | Q168: None
A169: Italy | B169: Pinos | C169: Sensors owned by UNISS | D169: 39.76103 | E169: 8.580694 | F169: I017 | G169: Water flow meter equipped with LoRaWAN transmitter | H169: ST06 | I169: =VLOOKUP(F169,'All sensors Installed'!$A$2:$K$1119,11,) -> 78D800B023960384 | J169: water_count_m3 | K169: Water count m^3 | L169: =VLOOKUP($K169,'Property names'!$A$1:$D$100,2,FALSE) -> Incremental counting of water passed by the flowmeter | M169: =VLOOKUP($K169,'Property names'!$A$1:$D$100,3,FALSE) -> Cubic meters | N169: =VLOOKUP($K169,'Property names'!$A$1:$D$100,4,FALSE) -> m^3 | O169: =SUBSTITUTE(CONCATENATE(B169,"_",F169,"_",J169)," ","_") -> Pinos_I017_water_count_m3 | P169: =CONCATENATE("The datastream containing mesures of field ",B169," by sensor ",F169," which measures ",K169,".") -> The datastream containing mesures of field Pinos by sensor I017 which measures Water count m^3. | Q169: None
... A180: Italy | B180: Desogus | C180: Sensors owned by UNISS | D180: 39.94919 | E180: 8.6803 | F180: I047 | G180: Weather station for monitoring agriculture parameters | H180: ST08 | I180: =VLOOKUP(F180,'All sensors Installed'!$A$2:$K$1119,11,) -> 3932303169307818 | J180: leaf_wetting | K180: Leaf Wetness | L180: =VLOOKUP($K180,'Property names'!$A$1:$D$100,2,FALSE) -> The presence of moisture on the surface of plant leaves, often indicating favorable conditions for disease development. | M180: =VLOOKUP($K180,'Property names'!$A$1:$D$100,3,FALSE) -> - | N180: =VLOOKUP($K180,'Property names'!$A$1:$D$100,4,FALSE) -> - | O180: =SUBSTITUTE(CONCATENATE(B180,"_",F180,"_",J180)," ","_") -> Desogus_I047_leaf_wetting | P180: =CONCATENATE("The datastream containing mesures of field ",B180," by sensor ",F180," which measures ",K180,".") -> The datastream containing mesures of field Desogus by sensor I047 which measures Leaf Wetness. | Q180: None
A181: Italy | B181: Camedda | C181: Field In Italy | D181: 3.994833 | E181: 8.703639 | F181: I023 | G181: A sensor for tree's overall health monitoring that collects radial growth, sap flux density, tree stability, air temperature and humidity and NDVI | H181: ST07 | I181: =CONCATENATE("EUI_EQ_",F181) -> EUI_EQ_I023 | K181: Timestamp | L181: =VLOOKUP($K181,'Property names'!$A$1:$D$100,2,FALSE) -> UTC epoch time when the data were collected | M181: =VLOOKUP($K181,'Property names'!$A$1:$D$100,3,FALSE) -> Seconds | N181: =VLOOKUP($K181,'Property names'!$A$1:$D$100,4,FALSE) -> s | O181: Camedda_I023_Timestamp | P181: The datastream containing mesures of field Camedda by sensor I023 which measures Timestamp | Q181: None
A182: Italy | B182: Camedda | C182: Field In Italy | D182: 3.994833 | E182: 8.703639 | F182: I023 | G182: A sensor for tree's overall health monitoring that collects radial growth, sap flux density, tree stability, air temperature and humidity and NDVI | H182: ST07 | I182: =CONCATENATE("EUI_EQ_",F182) -> EUI_EQ_I023 | J182: NDVI | K182: NDVI | L182: =VLOOKUP($K182,'Property names'!$A$1:$D$100,2,FALSE) -> Normalized Difference Vegetation Index | M182: =VLOOKUP($K182,'Property names'!$A$1:$D$100,3,FALSE) -> - | N182: =VLOOKUP($K182,'Property names'!$A$1:$D$100,4,FALSE) -> - | O182: Camedda_I023_NDVI | P182: The datastream containing mesures of field Camedda by sensor I023 which measures NDVI | Q182: None
A183: Italy | B183: Camedda | C183: Field In Italy | D183: 3.994833 | E183: 8.703639 | F183: I023 | G183: A sensor for tree's overall health monitoring that collects radial growth, sap flux density, tree stability, air temperature and humidity and NDVI | H183: ST07 | I183: =CONCATENATE("EUI_EQ_",F183) -> EUI_EQ_I023 | J183: RadialGrowth | K183: Radial Growth | L183: =VLOOKUP($K183,'Property names'!$A$1:$D$100,2,FALSE) -> Differential measurement of trunk radial growth | M183: =VLOOKUP($K183,'Property names'!$A$1:$D$100,3,FALSE) -> Millimeters | N183: =VLOOKUP($K183,'Property names'!$A$1:$D$100,4,FALSE) -> mm | O183: Camedda_I023_RadialGrowth | P183: The datastream containing mesures of field Camedda by sensor I023 which measures radial growth | Q183: None
A184: Italy | B184: Camedda | C184: Field In Italy | D184: 3.994833 | E184: 8.703639 | F184: I023 | G184: A sensor for tree's overall health monitoring that collects radial growth, sap flux density, tree stability, air temperature and humidity and NDVI | H184: ST07 | I184: =CONCATENATE("EUI_EQ_",F184) -> EUI_EQ_I023 | J184: SapFlow | K184: Sap Flow Velocity | L184: =VLOOKUP($K184,'Property names'!$A$1:$D$100,2,FALSE) -> Sap velocity | M184: =VLOOKUP($K184,'Property names'!$A$1:$D$100,3,FALSE) -> Centimeter per Second | N184: =VLOOKUP($K184,'Property names'!$A$1:$D$100,4,FALSE) -> cm/h | O184: Camedda_I023_SapFlow | P184: The datastream containing mesures of field Camedda by sensor I023 which measures sap flow velocity | Q184: None
A185: Italy | B185: Camedda | C185: Field In Italy | D185: 3.994833 | E185: 8.703639 | F185: I023 | G185: A sensor for tree's overall health monitoring that collects radial growth, sap flux density, tree stability, air temperature and humidity and NDVI | H185: ST07 | I185: =CONCATENATE("EUI_EQ_",F185) -> EUI_EQ_I023 | J185: Yaw | K185: Yaw | L185: =VLOOKUP($K185,'Property names'!$A$1:$D$100,2,FALSE) -> Rotation over X axis | M185: =VLOOKUP($K185,'Property names'!$A$1:$D$100,3,FALSE) -> Degrees | N185: =VLOOKUP($K185,'Property names'!$A$1:$D$100,4,FALSE) -> ° | O185: Camedda_I023_Yaw | P185: The datastream containing mesures of field Camedda by sensor I023 which measures yaw | Q185: None
A186: Italy | B186: Camedda | C186: Field In Italy | D186: 3.994833 | E186: 8.703639 | F186: I023 | G186: A sensor for tree's overall health monitoring that collects radial growth, sap flux density, tree stability, air temperature and humidity and NDVI | H186: ST07 | I186: =CONCATENATE("EUI_EQ_",F186) -> EUI_EQ_I023 | J186: Pitch | K186: Pitch | L186: =VLOOKUP($K186,'Property names'!$A$1:$D$100,2,FALSE) -> Rotation over Y axis | M186: =VLOOKUP($K186,'Property names'!$A$1:$D$100,3,FALSE) -> Degrees | N186: =VLOOKUP($K186,'Property names'!$A$1:$D$100,4,FALSE) -> ° | O186: Camedda_I023_Pitch | P186: The datastream containing mesures of field Camedda by sensor I023 which measures pitch | Q186: None
A187: Italy | B187: Camedda | C187: Field In Italy | D187: 3.994833 | E187: 8.703639 | F187: I023 | G187: A sensor for tree's overall health monitoring that collects radial growth, sap flux density, tree stability, air temperature and humidity and NDVI | H187: ST07 | I187: =CONCATENATE("EUI_EQ_",F187) -> EUI_EQ_I023 | J187: Roll | K187: Roll | L187: =VLOOKUP($K187,'Property names'!$A$1:$D$100,2,FALSE) -> Rotation over Z axis | M187: =VLOOKUP($K187,'Property names'!$A$1:$D$100,3,FALSE) -> Degrees | N187: =VLOOKUP($K187,'Property names'!$A$1:$D$100,4,FALSE) -> ° | O187: Camedda_I023_Roll | P187: The datastream containing mesures of field Camedda by sensor I023 which measures roll | Q187: None
A188: Italy | B188: Camedda | C188: Field In Italy | D188: 3.994833 | E188: 8.703639 | F188: I023 | G188: A sensor for tree's overall health monitoring that collects radial growth, sap flux density, tree stability, air temperature and humidity and NDVI | H188: ST07 | I188: =CONCATENATE("EUI_EQ_",F188) -> EUI_EQ_I023 | J188: ambient_temperature | K188: Air Temperature | L188: =VLOOKUP($K188,'Property names'!$A$1:$D$100,2,FALSE) -> The measure of the hotness or coldness of the air. | M188: =VLOOKUP($K188,'Property names'!$A$1:$D$100,3,FALSE) -> Degrees Celsius | N188: =VLOOKUP($K188,'Property names'!$A$1:$D$100,4,FALSE) -> ºC | O188: Camedda_I023_ambient_temperature | P188: The datastream containing mesures of field Camedda by sensor I023 which measures air temperature | Q188: None
A189: Italy | B189: Camedda | C189: Field In Italy | D189: 3.994833 | E189: 8.703639 | F189: I023 | G189: A sensor for tree's overall health monitoring that collects radial growth, sap flux density, tree stability, air temperature and humidity and NDVI | H189: ST07 | I189: =CONCATENATE("EUI_EQ_",F189) -> EUI_EQ_I023 | J189: air_humidity | K189: Air Humidity | L189: =VLOOKUP($K189,'Property names'!$A$1:$D$100,2,FALSE) -> The amount of moisture or water vapor present in the air, often expressed as a percentage of the maximum amount the air could hold at a given temperature. | M189: =VLOOKUP($K189,'Property names'!$A$1:$D$100,3,FALSE) -> Percentage | N189: =VLOOKUP($K189,'Property names'!$A$1:$D$100,4,FALSE) -> % | O189: Camedda_I023_air_humidity | P189: The datastream containing mesures of field Camedda by sensor I023 which measures humidity | Q189: None
A190: Italy | B190: Camedda | C190: Field In Italy | D190: 3.994833 | E190: 8.703639 | F190: I023 | G190: A sensor for tree's overall health monitoring that collects radial growth, sap flux density, tree stability, air temperature and humidity and NDVI | H190: ST07 | I190: =CONCATENATE("EUI_EQ_",F190) -> EUI_EQ_I023 | J190: BatteryVoltage | K190: Battery Voltage | L190: =VLOOKUP($K190,'Property names'!$A$1:$D$100,2,FALSE) -> The electrical potential in a battery, indicating its charge level. | M190: =VLOOKUP($K190,'Property names'!$A$1:$D$100,3,FALSE) -> Millivolts | N190: =VLOOKUP($K190,'Property names'!$A$1:$D$100,4,FALSE) -> mV | O190: Camedda_I023_BatteryVoltage | P190: The datastream containing mesures of field Camedda by sensor I023 which measures Battery Voltage | Q190: None
A191: Italy | B191: Camedda | C191: Field In Italy | D191: 3.994833 | E191: 8.703639 | F191: I024 | G191: A sensor for tree's overall health monitoring that collects radial growth, sap flux density, tree stability, air temperature and humidity and NDVI | H191: ST07 | I191: =CONCATENATE("EUI_EQ_",F191) -> EUI_EQ_I024 | J191: Timestamp | K191: Timestamp | L191: =VLOOKUP($K191,'Property names'!$A$1:$D$100,2,FALSE) -> UTC epoch time when the data were collected | M191: =VLOOKUP($K191,'Property names'!$A$1:$D$100,3,FALSE) -> Seconds | N191: =VLOOKUP($K191,'Property names'!$A$1:$D$100,4,FALSE) -> s | O191: Camedda_I024_Timestamp | P191: The datastream containing mesures of field Camedda by sensor I024 which measures Timestamp | Q191: None
A192: Italy | B192: Camedda | C192: Field In Italy | D192: 3.994833 | E192: 8.703639 | F192: I024 | G192: A sensor for tree's overall health monitoring that collects radial growth, sap flux density, tree stability, air temperature and humidity and NDVI | H192: ST07 | I192: =CONCATENATE("EUI_EQ_",F192) -> EUI_EQ_I024 | J192: NDVI | K192: NDVI | L192: =VLOOKUP($K192,'Property names'!$A$1:$D$100,2,FALSE) -> Normalized Difference Vegetation Index | M192: =VLOOKUP($K192,'Property names'!$A$1:$D$100,3,FALSE) -> - | N192: =VLOOKUP($K192,'Property names'!$A$1:$D$100,4,FALSE) -> - | O192: Camedda_I024_NDVI | P192: The datastream containing mesures of field Camedda by sensor I024 which measures NDVI | Q192: None
A193: Italy | B193: Camedda | C193: Field In Italy | D193: 3.994833 | E193: 8.703639 | F193: I024 | G193: A sensor for tree's overall health monitoring that collects radial growth, sap flux density, tree stability, air temperature and humidity and NDVI | H193: ST07 | I193: =CONCATENATE("EUI_EQ_",F193) -> EUI_EQ_I024 | J193: RadialGrowth | K193: Radial Growth | L193: =VLOOKUP($K193,'Property names'!$A$1:$D$100,2,FALSE) -> Differential measurement of trunk radial growth | M193: =VLOOKUP($K193,'Property names'!$A$1:$D$100,3,FALSE) -> Millimeters | N193: =VLOOKUP($K193,'Property names'!$A$1:$D$100,4,FALSE) -> mm | O193: Camedda_I024_RadialGrowth | P193: The datastream containing mesures of field Camedda by sensor I024 which measures radial growth | Q193: None
... A420: Italy | B420: Centro Aziendale | C420: Field In Italy | D420: 3.994489 | E420: 8.69725 | F420: I046 | G420: A sensor for tree's overall health monitoring that collects radial growth, sap flux density, tree stability, air temperature and humidity and NDVI | H420: ST07 | I420: =CONCATENATE("EUI_EQ_",F420) -> EUI_EQ_I046 | J420: BatteryVoltage | K420: Battery Voltage | L420: =VLOOKUP($K420,'Property names'!$A$1:$D$100,2,FALSE) -> The electrical potential in a battery, indicating its charge level. | M420: =VLOOKUP($K420,'Property names'!$A$1:$D$100,3,FALSE) -> Millivolts | N420: =VLOOKUP($K420,'Property names'!$A$1:$D$100,4,FALSE) -> mV | O420: Centro Aziendale_I046_BatteryVoltage | P420: The datastream containing mesures of field Centro Aziendale by sensor I046 which measures Battery Voltage | Q420: None
A421: Lebanon | B421: 00204EB1 | C421: Weather station in Lebanon managed with FieldClimate | D421: 34.061762 | E421: 36.145623 | F421: 00204EB1 | G421: A weather station in Lebanon obtaining data from multiple sources | H421: STATION | I421: - | J421: VPD min | K421: VPD | L421: =VLOOKUP($K421,'Property names'!$A$1:$D$100,2,FALSE) -> The difference between the amount of moisture in the air and the maximum amount of moisture the air can hold at a given temperature. | M421: =VLOOKUP($K421,'Property names'!$A$1:$D$100,3,FALSE) -> Kilopascal | N421: =VLOOKUP($K421,'Property names'!$A$1:$D$100,4,FALSE) -> kPa | O421: =SUBSTITUTE(CONCATENATE(B421,"_",F421,"_",J421)," ","_") -> 00204EB1_00204EB1_VPD_min | P421: =CONCATENATE("The datastream containing mesures of field ",B421," by sensor ",F421," which measures ",K421,".") -> The datastream containing mesures of field 00204EB1 by sensor 00204EB1 which measures VPD. | Q421: None
A422: Lebanon | B422: 00204EB1 | C422: Weather station in Lebanon managed with FieldClimate | D422: 34.061762 | E422: 36.145623 | F422: 00204EB1 | G422: A weather station in Lebanon obtaining data from multiple sources | H422: STATION | I422: - | J422: Air pressure avg | K422: Atmospheric Pressure | L422: =VLOOKUP($K422,'Property names'!$A$1:$D$100,2,FALSE) -> The force exerted by the weight of the air above a given point on Earth's surface, which can vary with changes in weather and altitude. | M422: =VLOOKUP($K422,'Property names'!$A$1:$D$100,3,FALSE) -> Kilopascal | N422: =VLOOKUP($K422,'Property names'!$A$1:$D$100,4,FALSE) -> kPa | O422: =SUBSTITUTE(CONCATENATE(B422,"_",F422,"_",J422)," ","_") -> 00204EB1_00204EB1_Air_pressure_avg | P422: =CONCATENATE("The datastream containing mesures of field ",B422," by sensor ",F422," which measures ",K422,".") -> The datastream containing mesures of field 00204EB1 by sensor 00204EB1 which measures Atmospheric Pressure. | Q422: None
A423: Lebanon | B423: 00204EB1 | C423: Weather station in Lebanon managed with FieldClimate | D423: 34.061762 | E423: 36.145623 | F423: 00204EB1 | G423: A weather station in Lebanon obtaining data from multiple sources | H423: STATION | I423: - | J423: Air pressure max | K423: Atmospheric Pressure | L423: =VLOOKUP($K423,'Property names'!$A$1:$D$100,2,FALSE) -> The force exerted by the weight of the air above a given point on Earth's surface, which can vary with changes in weather and altitude. | M423: =VLOOKUP($K423,'Property names'!$A$1:$D$100,3,FALSE) -> Kilopascal | N423: =VLOOKUP($K423,'Property names'!$A$1:$D$100,4,FALSE) -> kPa | O423: =SUBSTITUTE(CONCATENATE(B423,"_",F423,"_",J423)," ","_") -> 00204EB1_00204EB1_Air_pressure_max | P423: =CONCATENATE("The datastream containing mesures of field ",B423," by sensor ",F423," which measures ",K423,".") -> The datastream containing mesures of field 00204EB1 by sensor 00204EB1 which measures Atmospheric Pressure. | Q423: None
A424: Lebanon | B424: 00204EB1 | C424: Weather station in Lebanon managed with FieldClimate | D424: 34.061762 | E424: 36.145623 | F424: 00204EB1 | G424: A weather station in Lebanon obtaining data from multiple sources | H424: STATION | I424: - | J424: Air pressure min | K424: Atmospheric Pressure | L424: =VLOOKUP($K424,'Property names'!$A$1:$D$100,2,FALSE) -> The force exerted by the weight of the air above a given point on Earth's surface, which can vary with changes in weather and altitude. | M424: =VLOOKUP($K424,'Property names'!$A$1:$D$100,3,FALSE) -> Kilopascal | N424: =VLOOKUP($K424,'Property names'!$A$1:$D$100,4,FALSE) -> kPa | O424: =SUBSTITUTE(CONCATENATE(B424,"_",F424,"_",J424)," ","_") -> 00204EB1_00204EB1_Air_pressure_min | P424: =CONCATENATE("The datastream containing mesures of field ",B424," by sensor ",F424," which measures ",K424,".") -> The datastream containing mesures of field 00204EB1 by sensor 00204EB1 which measures Atmospheric Pressure. | Q424: None
A425: Lebanon | B425: 00204EB1 | C425: Weather station in Lebanon managed with FieldClimate | D425: 34.061762 | E425: 36.145623 | F425: 00204EB1 | G425: A weather station in Lebanon obtaining data from multiple sources | H425: STATION | I425: - | J425: 5TE Battery voltage last | K425: Battery Voltage | L425: =VLOOKUP($K425,'Property names'!$A$1:$D$100,2,FALSE) -> The electrical potential in a battery, indicating its charge level. | M425: =VLOOKUP($K425,'Property names'!$A$1:$D$100,3,FALSE) -> Millivolts | N425: =VLOOKUP($K425,'Property names'!$A$1:$D$100,4,FALSE) -> mV | O425: =SUBSTITUTE(CONCATENATE(B425,"_",F425,"_",J425)," ","_") -> 00204EB1_00204EB1_5TE_Battery_voltage_last | P425: =CONCATENATE("The datastream containing mesures of field ",B425," by sensor ",F425," which measures ",K425,".") -> The datastream containing mesures of field 00204EB1 by sensor 00204EB1 which measures Battery Voltage. | Q425: None
A426: Lebanon | B426: 00204EB1 | C426: Weather station in Lebanon managed with FieldClimate | D426: 34.061762 | E426: 36.145623 | F426: 00204EB1 | G426: A weather station in Lebanon obtaining data from multiple sources | H426: STATION | I426: - | J426: PI54a (VWC) avg | K426: Battery Voltage | L426: =VLOOKUP($K426,'Property names'!$A$1:$D$100,2,FALSE) -> The electrical potential in a battery, indicating its charge level. | M426: =VLOOKUP($K426,'Property names'!$A$1:$D$100,3,FALSE) -> Millivolts | N426: =VLOOKUP($K426,'Property names'!$A$1:$D$100,4,FALSE) -> mV | O426: =SUBSTITUTE(CONCATENATE(B426,"_",F426,"_",J426)," ","_") -> 00204EB1_00204EB1_PI54a_(VWC)_avg | P426: =CONCATENATE("The datastream containing mesures of field ",B426," by sensor ",F426," which measures ",K426,".") -> The datastream containing mesures of field 00204EB1 by sensor 00204EB1 which measures Battery Voltage. | Q426: None
A427: Lebanon | B427: 00204EB1 | C427: Weather station in Lebanon managed with FieldClimate | D427: 34.061762 | E427: 36.145623 | F427: 00204EB1 | G427: A weather station in Lebanon obtaining data from multiple sources | H427: STATION | I427: - | J427: Watermark 1 avg | K427: Leak warning | L427: =VLOOKUP($K427,'Property names'!$A$1:$D$100,2,FALSE) -> A warning in case of water leak detected | M427: =VLOOKUP($K427,'Property names'!$A$1:$D$100,3,FALSE) -> True / False | N427: =VLOOKUP($K427,'Property names'!$A$1:$D$100,4,FALSE) -> N/A | O427: =SUBSTITUTE(CONCATENATE(B427,"_",F427,"_",J427)," ","_") -> 00204EB1_00204EB1_Watermark_1_avg | P427: =CONCATENATE("The datastream containing mesures of field ",B427," by sensor ",F427," which measures ",K427,".") -> The datastream containing mesures of field 00204EB1 by sensor 00204EB1 which measures Leak warning. | Q427: None
A428: Lebanon | B428: 00204EB1 | C428: Weather station in Lebanon managed with FieldClimate | D428: 34.061762 | E428: 36.145623 | F428: 00204EB1 | G428: A weather station in Lebanon obtaining data from multiple sources | H428: STATION | I428: - | J428: Watermark 2 avg | K428: Leak warning | L428: =VLOOKUP($K428,'Property names'!$A$1:$D$100,2,FALSE) -> A warning in case of water leak detected | M428: =VLOOKUP($K428,'Property names'!$A$1:$D$100,3,FALSE) -> True / False | N428: =VLOOKUP($K428,'Property names'!$A$1:$D$100,4,FALSE) -> N/A | O428: =SUBSTITUTE(CONCATENATE(B428,"_",F428,"_",J428)," ","_") -> 00204EB1_00204EB1_Watermark_2_avg | P428: =CONCATENATE("The datastream containing mesures of field ",B428," by sensor ",F428," which measures ",K428,".") -> The datastream containing mesures of field 00204EB1 by sensor 00204EB1 which measures Leak warning. | Q428: None
A429: Lebanon | B429: 00204EB1 | C429: Weather station in Lebanon managed with FieldClimate | D429: 34.061762 | E429: 36.145623 | F429: 00204EB1 | G429: A weather station in Lebanon obtaining data from multiple sources | H429: STATION | I429: - | J429: Wetbulb temperature avg | K429: Air Temperature | L429: =VLOOKUP($K429,'Property names'!$A$1:$D$100,2,FALSE) -> The measure of the hotness or coldness of the air. | M429: =VLOOKUP($K429,'Property names'!$A$1:$D$100,3,FALSE) -> Degrees Celsius | N429: =VLOOKUP($K429,'Property names'!$A$1:$D$100,4,FALSE) -> ºC | O429: =SUBSTITUTE(CONCATENATE(B429,"_",F429,"_",J429)," ","_") -> 00204EB1_00204EB1_Wetbulb_temperature_avg | P429: =CONCATENATE("The datastream containing mesures of field ",B429," by sensor ",F429," which measures ",K429,".") -> The datastream containing mesures of field 00204EB1 by sensor 00204EB1 which measures Air Temperature. | Q429: None
A430: Lebanon | B430: 00204EB1 | C430: Weather station in Lebanon managed with FieldClimate | D430: 34.061762 | E430: 36.145623 | F430: 00204EB1 | G430: A weather station in Lebanon obtaining data from multiple sources | H430: STATION | I430: - | J430: Wetbulb temperature max | K430: Air Temperature | L430: =VLOOKUP($K430,'Property names'!$A$1:$D$100,2,FALSE) -> The measure of the hotness or coldness of the air. | M430: =VLOOKUP($K430,'Property names'!$A$1:$D$100,3,FALSE) -> Degrees Celsius | N430: =VLOOKUP($K430,'Property names'!$A$1:$D$100,4,FALSE) -> ºC | O430: =SUBSTITUTE(CONCATENATE(B430,"_",F430,"_",J430)," ","_") -> 00204EB1_00204EB1_Wetbulb_temperature_max | P430: =CONCATENATE("The datastream containing mesures of field ",B430," by sensor ",F430," which measures ",K430,".") -> The datastream containing mesures of field 00204EB1 by sensor 00204EB1 which measures Air Temperature. | Q430: None
A431: Lebanon | B431: 00204EB1 | C431: Weather station in Lebanon managed with FieldClimate | D431: 34.061762 | E431: 36.145623 | F431: 00204EB1 | G431: A weather station in Lebanon obtaining data from multiple sources | H431: STATION | I431: - | J431: Wetbulb temperature min | K431: Air Temperature | L431: =VLOOKUP($K431,'Property names'!$A$1:$D$100,2,FALSE) -> The measure of the hotness or coldness of the air. | M431: =VLOOKUP($K431,'Property names'!$A$1:$D$100,3,FALSE) -> Degrees Celsius | N431: =VLOOKUP($K431,'Property names'!$A$1:$D$100,4,FALSE) -> ºC | O431: =SUBSTITUTE(CONCATENATE(B431,"_",F431,"_",J431)," ","_") -> 00204EB1_00204EB1_Wetbulb_temperature_min | P431: =CONCATENATE("The datastream containing mesures of field ",B431," by sensor ",F431," which measures ",K431,".") -> The datastream containing mesures of field 00204EB1 by sensor 00204EB1 which measures Air Temperature. | Q431: None
A432: Lebanon | B432: 00204EB1 | C432: Weather station in Lebanon managed with FieldClimate | D432: 34.061762 | E432: 36.145623 | F432: 00204EB1 | G432: A weather station in Lebanon obtaining data from multiple sources | H432: STATION | I432: - | J432: Drybulb temperature avg | K432: Air Temperature | L432: =VLOOKUP($K432,'Property names'!$A$1:$D$100,2,FALSE) -> The measure of the hotness or coldness of the air. | M432: =VLOOKUP($K432,'Property names'!$A$1:$D$100,3,FALSE) -> Degrees Celsius | N432: =VLOOKUP($K432,'Property names'!$A$1:$D$100,4,FALSE) -> ºC | O432: =SUBSTITUTE(CONCATENATE(B432,"_",F432,"_",J432)," ","_") -> 00204EB1_00204EB1_Drybulb_temperature_avg | P432: =CONCATENATE("The datastream containing mesures of field ",B432," by sensor ",F432," which measures ",K432,".") -> The datastream containing mesures of field 00204EB1 by sensor 00204EB1 which measures Air Temperature. | Q432: None
... A483: Jordan | B483: Khalil Al-Edwan | C483: Field in Jordan | D483: 31.840202 | E483: 35.638401 | F483: J003 | G483: Device capable of analyzing various environmental parameters simultaneously. | H483: ST13 | I483: 2CF7F1C0523000E2 | J483: temperature | K483: Temperature | L483: =VLOOKUP($K483,'Property names'!$A$1:$D$100,2,FALSE) -> The measure of the hotness or coldness of something. | M483: =VLOOKUP($K483,'Property names'!$A$1:$D$100,3,FALSE) -> Degrees Celsius | N483: =VLOOKUP($K483,'Property names'!$A$1:$D$100,4,FALSE) -> ºC | O483: =SUBSTITUTE(CONCATENATE(B483,"_",F483,"_",J483)," ","_") -> Khalil_Al-Edwan_J003_temperature | P483: =CONCATENATE("The datastream containing mesures of field ",B483," by sensor ",F483," which measures ",K483,".") -> The datastream containing mesures of field Khalil Al-Edwan by sensor J003 which measures Temperature. | Q483: Weekly
A484: Jordan | B484: Khalil Al-Edwan | C484: Field in Jordan | D484: 31.840202 | E484: 35.638401 | F484: J018 | G484: Device used to determine the height or quantity of material within a container, either liquid or solid. | H484: ST16 | I484: 2CF7F1C05230018A | J484: water_level | K484: Water level cm | L484: Water level in centimeters. | M484: Centimeters | N484: cm | O484: =SUBSTITUTE(CONCATENATE(B484,"_",F484,"_",J484)," ","_") -> Khalil_Al-Edwan_J018_water_level | P484: =CONCATENATE("The datastream containing mesures of field ",B484," by sensor ",F484," which measures ",K484,".") -> The datastream containing mesures of field Khalil Al-Edwan by sensor J018 which measures Water level cm. | Q484: Weekly
A485: Jordan | B485: Mahmoud Al-Rajbi | C485: Field in Jordan | D485: 32.240135 | E485: 35.613777 | F485: J004 | G485: Specialized device designed for accurately measuring large volumes of water flow. | H485: ST11 | I485: 8254812306000030 | J485: water_flow | K485: Water flow m^3/h | L485: =VLOOKUP($K485,'Property names'!$A$1:$D$100,2,FALSE) -> The continuous movement of water in a particular direction. | M485: =VLOOKUP($K485,'Property names'!$A$1:$D$100,3,FALSE) -> Cubic meters per hour | N485: =VLOOKUP($K485,'Property names'!$A$1:$D$100,4,FALSE) -> m^3/h | O485: =SUBSTITUTE(CONCATENATE(B485,"_",F485,"_",J485)," ","_") -> Mahmoud_Al-Rajbi_J004_water_flow | P485: =CONCATENATE("The datastream containing mesures of field ",B485," by sensor ",F485," which measures ",K485,".") -> The datastream containing mesures of field Mahmoud Al-Rajbi by sensor J004 which measures Water flow m^3/h. | Q485: None
A486: Jordan | B486: Mahmoud Al-Rajbi | C486: Field in Jordan | D486: 32.240135 | E486: 35.613777 | F486: J004 | G486: Specialized device designed for accurately measuring large volumes of water flow. | H486: ST11 | I486: 8254812306000030 | J486: water_count | K486: Water count m^3 | L486: =VLOOKUP($K486,'Property names'!$A$1:$D$100,2,FALSE) -> Incremental counting of water passed by the flowmeter | M486: =VLOOKUP($K486,'Property names'!$A$1:$D$100,3,FALSE) -> Cubic meters | N486: =VLOOKUP($K486,'Property names'!$A$1:$D$100,4,FALSE) -> m^3 | O486: =SUBSTITUTE(CONCATENATE(B486,"_",F486,"_",J486)," ","_") -> Mahmoud_Al-Rajbi_J004_water_count | P486: =CONCATENATE("The datastream containing mesures of field ",B486," by sensor ",F486," which measures ",K486,".") -> The datastream containing mesures of field Mahmoud Al-Rajbi by sensor J004 which measures Water count m^3. | Q486: None
A487: Jordan | B487: Mahmoud Al-Rajbi | C487: Field in Jordan | D487: 32.240135 | E487: 35.613777 | F487: J005 | G487: Technology that measures soil moisture at multiple depths. | H487: ST12 | I487: 008000000403FC99 | J487: soil_moisture_10 | K487: Soil Moisture | L487: =VLOOKUP($K487,'Property names'!$A$1:$D$100,2,FALSE) -> The amount of moisture present in the soil, often expressed as a percentage of the maximum amount the soil could hold at a given temperature. | M487: =VLOOKUP($K487,'Property names'!$A$1:$D$100,3,FALSE) -> Percentage | N487: =VLOOKUP($K487,'Property names'!$A$1:$D$100,4,FALSE) -> % | O487: =SUBSTITUTE(CONCATENATE(B487,"_",F487,"_",J487)," ","_") -> Mahmoud_Al-Rajbi_J005_soil_moisture_10 | P487: =CONCATENATE("The datastream containing mesures of field ",B487," by sensor ",F487," which measures ",K487,".") -> The datastream containing mesures of field Mahmoud Al-Rajbi by sensor J005 which measures Soil Moisture. | Q487: None
A488: Jordan | B488: Mahmoud Al-Rajbi | C488: Field in Jordan | D488: 32.240135 | E488: 35.613777 | F488: J005 | G488: Technology that measures soil moisture at multiple depths. | H488: ST12 | I488: 008000000403FC99 | J488: soil_moisture_20 | K488: Soil Moisture | L488: =VLOOKUP($K488,'Property names'!$A$1:$D$100,2,FALSE) -> The amount of moisture present in the soil, often expressed as a percentage of the maximum amount the soil could hold at a given temperature. | M488: =VLOOKUP($K488,'Property names'!$A$1:$D$100,3,FALSE) -> Percentage | N488: =VLOOKUP($K488,'Property names'!$A$1:$D$100,4,FALSE) -> % | O488: =SUBSTITUTE(CONCATENATE(B488,"_",F488,"_",J488)," ","_") -> Mahmoud_Al-Rajbi_J005_soil_moisture_20 | P488: =CONCATENATE("The datastream containing mesures of field ",B488," by sensor ",F488," which measures ",K488,".") -> The datastream containing mesures of field Mahmoud Al-Rajbi by sensor J005 which measures Soil Moisture. | Q488: None
A489: Jordan | B489: Mahmoud Al-Rajbi | C489: Field in Jordan | D489: 32.240135 | E489: 35.613777 | F489: J005 | G489: Technology that measures soil moisture at multiple depths. | H489: ST12 | I489: 008000000403FC99 | J489: soil_moisture_30 | K489: Soil Moisture | L489: =VLOOKUP($K489,'Property names'!$A$1:$D$100,2,FALSE) -> The amount of moisture present in the soil, often expressed as a percentage of the maximum amount the soil could hold at a given temperature. | M489: =VLOOKUP($K489,'Property names'!$A$1:$D$100,3,FALSE) -> Percentage | N489: =VLOOKUP($K489,'Property names'!$A$1:$D$100,4,FALSE) -> % | O489: =SUBSTITUTE(CONCATENATE(B489,"_",F489,"_",J489)," ","_") -> Mahmoud_Al-Rajbi_J005_soil_moisture_30 | P489: =CONCATENATE("The datastream containing mesures of field ",B489," by sensor ",F489," which measures ",K489,".") -> The datastream containing mesures of field Mahmoud Al-Rajbi by sensor J005 which measures Soil Moisture. | Q489: None
A490: Jordan | B490: Mahmoud Al-Rajbi | C490: Field in Jordan | D490: 32.240135 | E490: 35.613777 | F490: J005 | G490: Technology that measures soil moisture at multiple depths. | H490: ST12 | I490: 008000000403FC99 | J490: soil_moisture_45 | K490: Soil Moisture | L490: =VLOOKUP($K490,'Property names'!$A$1:$D$100,2,FALSE) -> The amount of moisture present in the soil, often expressed as a percentage of the maximum amount the soil could hold at a given temperature. | M490: =VLOOKUP($K490,'Property names'!$A$1:$D$100,3,FALSE) -> Percentage | N490: =VLOOKUP($K490,'Property names'!$A$1:$D$100,4,FALSE) -> % | O490: =SUBSTITUTE(CONCATENATE(B490,"_",F490,"_",J490)," ","_") -> Mahmoud_Al-Rajbi_J005_soil_moisture_45 | P490: =CONCATENATE("The datastream containing mesures of field ",B490," by sensor ",F490," which measures ",K490,".") -> The datastream containing mesures of field Mahmoud Al-Rajbi by sensor J005 which measures Soil Moisture. | Q490: None
A491: Jordan | B491: Mahmoud Al-Rajbi | C491: Field in Jordan | D491: 32.240135 | E491: 35.613777 | F491: J005 | G491: Technology that measures soil moisture at multiple depths. | H491: ST12 | I491: 008000000403FC99 | J491: soil_moisture_60 | K491: Soil Moisture | L491: =VLOOKUP($K491,'Property names'!$A$1:$D$100,2,FALSE) -> The amount of moisture present in the soil, often expressed as a percentage of the maximum amount the soil could hold at a given temperature. | M491: =VLOOKUP($K491,'Property names'!$A$1:$D$100,3,FALSE) -> Percentage | N491: =VLOOKUP($K491,'Property names'!$A$1:$D$100,4,FALSE) -> % | O491: =SUBSTITUTE(CONCATENATE(B491,"_",F491,"_",J491)," ","_") -> Mahmoud_Al-Rajbi_J005_soil_moisture_60 | P491: =CONCATENATE("The datastream containing mesures of field ",B491," by sensor ",F491," which measures ",K491,".") -> The datastream containing mesures of field Mahmoud Al-Rajbi by sensor J005 which measures Soil Moisture. | Q491: None
A492: Jordan | B492: Mahmoud Al-Rajbi | C492: Field in Jordan | D492: 32.240135 | E492: 35.613777 | F492: J005 | G492: Technology that measures soil moisture at multiple depths. | H492: ST12 | I492: 008000000403FC99 | J492: soil_moisture_90 | K492: Soil Moisture | L492: =VLOOKUP($K492,'Property names'!$A$1:$D$100,2,FALSE) -> The amount of moisture present in the soil, often expressed as a percentage of the maximum amount the soil could hold at a given temperature. | M492: =VLOOKUP($K492,'Property names'!$A$1:$D$100,3,FALSE) -> Percentage | N492: =VLOOKUP($K492,'Property names'!$A$1:$D$100,4,FALSE) -> % | O492: =SUBSTITUTE(CONCATENATE(B492,"_",F492,"_",J492)," ","_") -> Mahmoud_Al-Rajbi_J005_soil_moisture_90 | P492: =CONCATENATE("The datastream containing mesures of field ",B492," by sensor ",F492," which measures ",K492,".") -> The datastream containing mesures of field Mahmoud Al-Rajbi by sensor J005 which measures Soil Moisture. | Q492: None
A493: Jordan | B493: Mahmoud Al-Rajbi | C493: Field in Jordan | D493: 32.240135 | E493: 35.613777 | F493: J005 | G493: Technology that measures soil moisture at multiple depths. | H493: ST12 | I493: 008000000403FC99 | J493: soil_temperature_25 | K493: Soil Temperature | L493: =VLOOKUP($K493,'Property names'!$A$1:$D$100,2,FALSE) -> The measure of temperature of the soil. | M493: =VLOOKUP($K493,'Property names'!$A$1:$D$100,3,FALSE) -> Degrees Celsius | N493: =VLOOKUP($K493,'Property names'!$A$1:$D$100,4,FALSE) -> ºC | O493: =SUBSTITUTE(CONCATENATE(B493,"_",F493,"_",J493)," ","_") -> Mahmoud_Al-Rajbi_J005_soil_temperature_25 | P493: =CONCATENATE("The datastream containing mesures of field ",B493," by sensor ",F493," which measures ",K493,".") -> The datastream containing mesures of field Mahmoud Al-Rajbi by sensor J005 which measures Soil Temperature. | Q493: None
A494: Jordan | B494: Ibrahim Al-Shareef | C494: Field in Jordan | D494: 32.231155 | E494: 35.598148 | F494: J006 | G494: Specialized device designed for accurately measuring large volumes of water flow. | H494: ST11 | I494: 8254812306000023 | J494: water_flow | K494: Water flow m^3/h | L494: =VLOOKUP($K494,'Property names'!$A$1:$D$100,2,FALSE) -> The continuous movement of water in a particular direction. | M494: =VLOOKUP($K494,'Property names'!$A$1:$D$100,3,FALSE) -> Cubic meters per hour | N494: =VLOOKUP($K494,'Property names'!$A$1:$D$100,4,FALSE) -> m^3/h | O494: =SUBSTITUTE(CONCATENATE(B494,"_",F494,"_",J494)," ","_") -> Ibrahim_Al-Shareef_J006_water_flow | P494: =CONCATENATE("The datastream containing mesures of field ",B494," by sensor ",F494," which measures ",K494,".") -> The datastream containing mesures of field Ibrahim Al-Shareef by sensor J006 which measures Water flow m^3/h. | Q494: None
A495: Jordan | B495: Ibrahim Al-Shareef | C495: Field in Jordan | D495: 32.231155 | E495: 35.598148 | F495: J006 | G495: Specialized device designed for accurately measuring large volumes of water flow. | H495: ST11 | I495: 8254812306000023 | J495: water_count | K495: Water count m^3 | L495: =VLOOKUP($K495,'Property names'!$A$1:$D$100,2,FALSE) -> Incremental counting of water passed by the flowmeter | M495: =VLOOKUP($K495,'Property names'!$A$1:$D$100,3,FALSE) -> Cubic meters | N495: =VLOOKUP($K495,'Property names'!$A$1:$D$100,4,FALSE) -> m^3 | O495: =SUBSTITUTE(CONCATENATE(B495,"_",F495,"_",J495)," ","_") -> Ibrahim_Al-Shareef_J006_water_count | P495: =CONCATENATE("The datastream containing mesures of field ",B495," by sensor ",F495," which measures ",K495,".") -> The datastream containing mesures of field Ibrahim Al-Shareef by sensor J006 which measures Water count m^3. | Q495: None
A496: Jordan | B496: Ibrahim Al-Shareef | C496: Field in Jordan | D496: 32.231155 | E496: 35.598148 | F496: J007 | G496: Technology that measures soil moisture at multiple depths. | H496: ST12 | I496: 008000000403FCAB | J496: soil_moisture_10 | K496: Soil Moisture | L496: =VLOOKUP($K496,'Property names'!$A$1:$D$100,2,FALSE) -> The amount of moisture present in the soil, often expressed as a percentage of the maximum amount the soil could hold at a given temperature. | M496: =VLOOKUP($K496,'Property names'!$A$1:$D$100,3,FALSE) -> Percentage | N496: =VLOOKUP($K496,'Property names'!$A$1:$D$100,4,FALSE) -> % | O496: =SUBSTITUTE(CONCATENATE(B496,"_",F496,"_",J496)," ","_") -> Ibrahim_Al-Shareef_J007_soil_moisture_10 | P496: =CONCATENATE("The datastream containing mesures of field ",B496," by sensor ",F496," which measures ",K496,".") -> The datastream containing mesures of field Ibrahim Al-Shareef by sensor J007 which measures Soil Moisture. | Q496: None
... A522: Jordan | B522: Es-haq Sawalha | C522: NARC Research Site in Jordan | D522: 32.174145 | E522: 35.621113 | F522: J012 | G522: Specialized device designed for accurately measuring large volumes of water flow. | H522: ST11 | I522: 8254812306000029 | J522: water_count | K522: Water count m^3 | L522: =VLOOKUP($K522,'Property names'!$A$1:$D$100,2,FALSE) -> Incremental counting of water passed by the flowmeter | M522: =VLOOKUP($K522,'Property names'!$A$1:$D$100,3,FALSE) -> Cubic meters | N522: =VLOOKUP($K522,'Property names'!$A$1:$D$100,4,FALSE) -> m^3 | O522: =SUBSTITUTE(CONCATENATE(B522,"_",F522,"_",J522)," ","_") -> Es-haq_Sawalha_J012_water_count | P522: =CONCATENATE("The datastream containing mesures of field ",B522," by sensor ",F522," which measures ",K522,".") -> The datastream containing mesures of field Es-haq Sawalha by sensor J012 which measures Water count m^3. | Q522: None
A523: Jordan | B523: Es-haq Sawalha | C523: NARC Research Site in Jordan | D523: 32.194249 | E523: 35.613014 | F523: J013 | G523: Technology that measures soil moisture at multiple depths. | H523: ST12 | I523: 008000000403FCC4 | J523: soil_moisture_10 | K523: Soil Moisture | L523: =VLOOKUP($K523,'Property names'!$A$1:$D$100,2,FALSE) -> The amount of moisture present in the soil, often expressed as a percentage of the maximum amount the soil could hold at a given temperature. | M523: =VLOOKUP($K523,'Property names'!$A$1:$D$100,3,FALSE) -> Percentage | N523: =VLOOKUP($K523,'Property names'!$A$1:$D$100,4,FALSE) -> % | O523: =SUBSTITUTE(CONCATENATE(B529,"_",F523,"_",J523)," ","_") -> Es-haq_Sawalha_J013_soil_moisture_10 | P523: =CONCATENATE("The datastream containing mesures of field ",B529," by sensor ",F523," which measures ",K523,".") -> The datastream containing mesures of field Es-haq Sawalha by sensor J013 which measures Soil Moisture. | Q523: None
A524: Jordan | B524: Es-haq Sawalha | C524: NARC Research Site in Jordan | D524: 32.194249 | E524: 35.613014 | F524: J013 | G524: Technology that measures soil moisture at multiple depths. | H524: ST12 | I524: 008000000403FCC4 | J524: soil_moisture_20 | K524: Soil Moisture | L524: =VLOOKUP($K524,'Property names'!$A$1:$D$100,2,FALSE) -> The amount of moisture present in the soil, often expressed as a percentage of the maximum amount the soil could hold at a given temperature. | M524: =VLOOKUP($K524,'Property names'!$A$1:$D$100,3,FALSE) -> Percentage | N524: =VLOOKUP($K524,'Property names'!$A$1:$D$100,4,FALSE) -> % | O524: =SUBSTITUTE(CONCATENATE(B524,"_",F524,"_",J524)," ","_") -> Es-haq_Sawalha_J013_soil_moisture_20 | P524: =CONCATENATE("The datastream containing mesures of field ",B524," by sensor ",F524," which measures ",K524,".") -> The datastream containing mesures of field Es-haq Sawalha by sensor J013 which measures Soil Moisture. | Q524: None
A525: Jordan | B525: Es-haq Sawalha | C525: NARC Research Site in Jordan | D525: 32.194249 | E525: 35.613014 | F525: J013 | G525: Technology that measures soil moisture at multiple depths. | H525: ST12 | I525: 008000000403FCC4 | J525: soil_moisture_30 | K525: Soil Moisture | L525: =VLOOKUP($K525,'Property names'!$A$1:$D$100,2,FALSE) -> The amount of moisture present in the soil, often expressed as a percentage of the maximum amount the soil could hold at a given temperature. | M525: =VLOOKUP($K525,'Property names'!$A$1:$D$100,3,FALSE) -> Percentage | N525: =VLOOKUP($K525,'Property names'!$A$1:$D$100,4,FALSE) -> % | O525: =SUBSTITUTE(CONCATENATE(B525,"_",F525,"_",J525)," ","_") -> Es-haq_Sawalha_J013_soil_moisture_30 | P525: =CONCATENATE("The datastream containing mesures of field ",B525," by sensor ",F525," which measures ",K525,".") -> The datastream containing mesures of field Es-haq Sawalha by sensor J013 which measures Soil Moisture. | Q525: None
A526: Jordan | B526: Es-haq Sawalha | C526: NARC Research Site in Jordan | D526: 32.194249 | E526: 35.613014 | F526: J013 | G526: Technology that measures soil moisture at multiple depths. | H526: ST12 | I526: 008000000403FCC4 | J526: soil_moisture_45 | K526: Soil Moisture | L526: =VLOOKUP($K526,'Property names'!$A$1:$D$100,2,FALSE) -> The amount of moisture present in the soil, often expressed as a percentage of the maximum amount the soil could hold at a given temperature. | M526: =VLOOKUP($K526,'Property names'!$A$1:$D$100,3,FALSE) -> Percentage | N526: =VLOOKUP($K526,'Property names'!$A$1:$D$100,4,FALSE) -> % | O526: =SUBSTITUTE(CONCATENATE(B526,"_",F526,"_",J526)," ","_") -> Es-haq_Sawalha_J013_soil_moisture_45 | P526: =CONCATENATE("The datastream containing mesures of field ",B526," by sensor ",F526," which measures ",K526,".") -> The datastream containing mesures of field Es-haq Sawalha by sensor J013 which measures Soil Moisture. | Q526: None
A527: Jordan | B527: Es-haq Sawalha | C527: NARC Research Site in Jordan | D527: 32.194249 | E527: 35.613014 | F527: J013 | G527: Technology that measures soil moisture at multiple depths. | H527: ST12 | I527: 008000000403FCC4 | J527: soil_moisture_60 | K527: Soil Moisture | L527: =VLOOKUP($K527,'Property names'!$A$1:$D$100,2,FALSE) -> The amount of moisture present in the soil, often expressed as a percentage of the maximum amount the soil could hold at a given temperature. | M527: =VLOOKUP($K527,'Property names'!$A$1:$D$100,3,FALSE) -> Percentage | N527: =VLOOKUP($K527,'Property names'!$A$1:$D$100,4,FALSE) -> % | O527: =SUBSTITUTE(CONCATENATE(B527,"_",F527,"_",J527)," ","_") -> Es-haq_Sawalha_J013_soil_moisture_60 | P527: =CONCATENATE("The datastream containing mesures of field ",B527," by sensor ",F527," which measures ",K527,".") -> The datastream containing mesures of field Es-haq Sawalha by sensor J013 which measures Soil Moisture. | Q527: None
A528: Jordan | B528: Es-haq Sawalha | C528: NARC Research Site in Jordan | D528: 32.194249 | E528: 35.613014 | F528: J013 | G528: Technology that measures soil moisture at multiple depths. | H528: ST12 | I528: 008000000403FCC4 | J528: soil_moisture_90 | K528: Soil Moisture | L528: =VLOOKUP($K528,'Property names'!$A$1:$D$100,2,FALSE) -> The amount of moisture present in the soil, often expressed as a percentage of the maximum amount the soil could hold at a given temperature. | M528: =VLOOKUP($K528,'Property names'!$A$1:$D$100,3,FALSE) -> Percentage | N528: =VLOOKUP($K528,'Property names'!$A$1:$D$100,4,FALSE) -> % | O528: =SUBSTITUTE(CONCATENATE(B528,"_",F528,"_",J528)," ","_") -> Es-haq_Sawalha_J013_soil_moisture_90 | P528: =CONCATENATE("The datastream containing mesures of field ",B528," by sensor ",F528," which measures ",K528,".") -> The datastream containing mesures of field Es-haq Sawalha by sensor J013 which measures Soil Moisture. | Q528: None
A529: Jordan | B529: Es-haq Sawalha | C529: NARC Research Site in Jordan | D529: 32.194249 | E529: 35.613014 | F529: J013 | G529: Technology that measures soil moisture at multiple depths. | H529: ST12 | I529: 008000000403FCC4 | J529: soil_temperature_25 | K529: Soil Temperature | L529: =VLOOKUP($K529,'Property names'!$A$1:$D$100,2,FALSE) -> The measure of temperature of the soil. | M529: =VLOOKUP($K529,'Property names'!$A$1:$D$100,3,FALSE) -> Degrees Celsius | N529: =VLOOKUP($K529,'Property names'!$A$1:$D$100,4,FALSE) -> ºC | O529: =SUBSTITUTE(CONCATENATE(#REF!,"_",F529,"_",J529)," ","_") -> #REF! | P529: =CONCATENATE("The datastream containing mesures of field ",#REF!," by sensor ",F529," which measures ",K529,".") -> #REF! | Q529: None
A530: Jordan | B530: Faisal Neimat | C530: Field in Jordan | D530: 32.174145 | E530: 35.621113 | F530: J014 | G530: Specialized device designed for accurately measuring large volumes of water flow. | H530: ST11 | I530: 8254812306000024 | J530: water_flow | K530: Water flow m^3/h | L530: =VLOOKUP($K530,'Property names'!$A$1:$D$100,2,FALSE) -> The continuous movement of water in a particular direction. | M530: =VLOOKUP($K530,'Property names'!$A$1:$D$100,3,FALSE) -> Cubic meters per hour | N530: =VLOOKUP($K530,'Property names'!$A$1:$D$100,4,FALSE) -> m^3/h | O530: =SUBSTITUTE(CONCATENATE(B530,"_",F530,"_",J530)," ","_") -> Faisal_Neimat_J014_water_flow | P530: =CONCATENATE("The datastream containing mesures of field ",B530," by sensor ",F530," which measures ",K530,".") -> The datastream containing mesures of field Faisal Neimat by sensor J014 which measures Water flow m^3/h. | Q530: None
A531: Jordan | B531: Faisal Neimat | C531: Field in Jordan | D531: 32.174145 | E531: 35.621113 | F531: J014 | G531: Specialized device designed for accurately measuring large volumes of water flow. | H531: ST11 | I531: 8254812306000024 | J531: water_count | K531: Water count m^3 | L531: =VLOOKUP($K531,'Property names'!$A$1:$D$100,2,FALSE) -> Incremental counting of water passed by the flowmeter | M531: =VLOOKUP($K531,'Property names'!$A$1:$D$100,3,FALSE) -> Cubic meters | N531: =VLOOKUP($K531,'Property names'!$A$1:$D$100,4,FALSE) -> m^3 | O531: =SUBSTITUTE(CONCATENATE(B531,"_",F531,"_",J531)," ","_") -> Faisal_Neimat_J014_water_count | P531: =CONCATENATE("The datastream containing mesures of field ",B531," by sensor ",F531," which measures ",K531,".") -> The datastream containing mesures of field Faisal Neimat by sensor J014 which measures Water count m^3. | Q531: None
A532: Jordan | B532: Faisal Neimat | C532: Field in Jordan | D532: 32.174145 | E532: 35.621113 | F532: J015 | G532: Technology that measures soil moisture at multiple depths. | H532: ST12 | I532: 008000000403FCEE | J532: soil_moisture_10 | K532: Soil Moisture | L532: =VLOOKUP($K532,'Property names'!$A$1:$D$100,2,FALSE) -> The amount of moisture present in the soil, often expressed as a percentage of the maximum amount the soil could hold at a given temperature. | M532: =VLOOKUP($K532,'Property names'!$A$1:$D$100,3,FALSE) -> Percentage | N532: =VLOOKUP($K532,'Property names'!$A$1:$D$100,4,FALSE) -> % | O532: =SUBSTITUTE(CONCATENATE(B532,"_",F532,"_",J532)," ","_") -> Faisal_Neimat_J015_soil_moisture_10 | P532: =CONCATENATE("The datastream containing mesures of field ",B532," by sensor ",F532," which measures ",K532,".") -> The datastream containing mesures of field Faisal Neimat by sensor J015 which measures Soil Moisture. | Q532: None
A533: Jordan | B533: Faisal Neimat | C533: Field in Jordan | D533: 32.174145 | E533: 35.621113 | F533: J015 | G533: Technology that measures soil moisture at multiple depths. | H533: ST12 | I533: 008000000403FCEE | J533: soil_moisture_20 | K533: Soil Moisture | L533: =VLOOKUP($K533,'Property names'!$A$1:$D$100,2,FALSE) -> The amount of moisture present in the soil, often expressed as a percentage of the maximum amount the soil could hold at a given temperature. | M533: =VLOOKUP($K533,'Property names'!$A$1:$D$100,3,FALSE) -> Percentage | N533: =VLOOKUP($K533,'Property names'!$A$1:$D$100,4,FALSE) -> % | O533: =SUBSTITUTE(CONCATENATE(B533,"_",F533,"_",J533)," ","_") -> Faisal_Neimat_J015_soil_moisture_20 | P533: =CONCATENATE("The datastream containing mesures of field ",B533," by sensor ",F533," which measures ",K533,".") -> The datastream containing mesures of field Faisal Neimat by sensor J015 which measures Soil Moisture. | Q533: None
A534: Jordan | B534: Faisal Neimat | C534: Field in Jordan | D534: 32.174145 | E534: 35.621113 | F534: J015 | G534: Technology that measures soil moisture at multiple depths. | H534: ST12 | I534: 008000000403FCEE | J534: soil_moisture_30 | K534: Soil Moisture | L534: =VLOOKUP($K534,'Property names'!$A$1:$D$100,2,FALSE) -> The amount of moisture present in the soil, often expressed as a percentage of the maximum amount the soil could hold at a given temperature. | M534: =VLOOKUP($K534,'Property names'!$A$1:$D$100,3,FALSE) -> Percentage | N534: =VLOOKUP($K534,'Property names'!$A$1:$D$100,4,FALSE) -> % | O534: =SUBSTITUTE(CONCATENATE(B534,"_",F534,"_",J534)," ","_") -> Faisal_Neimat_J015_soil_moisture_30 | P534: =CONCATENATE("The datastream containing mesures of field ",B534," by sensor ",F534," which measures ",K534,".") -> The datastream containing mesures of field Faisal Neimat by sensor J015 which measures Soil Moisture. | Q534: None
A535: Jordan | B535: Faisal Neimat | C535: Field in Jordan | D535: 32.174145 | E535: 35.621113 | F535: J015 | G535: Technology that measures soil moisture at multiple depths. | H535: ST12 | I535: 008000000403FCEE | J535: soil_moisture_45 | K535: Soil Moisture | L535: =VLOOKUP($K535,'Property names'!$A$1:$D$100,2,FALSE) -> The amount of moisture present in the soil, often expressed as a percentage of the maximum amount the soil could hold at a given temperature. | M535: =VLOOKUP($K535,'Property names'!$A$1:$D$100,3,FALSE) -> Percentage | N535: =VLOOKUP($K535,'Property names'!$A$1:$D$100,4,FALSE) -> % | O535: =SUBSTITUTE(CONCATENATE(B535,"_",F535,"_",J535)," ","_") -> Faisal_Neimat_J015_soil_moisture_45 | P535: =CONCATENATE("The datastream containing mesures of field ",B535," by sensor ",F535," which measures ",K535,".") -> The datastream containing mesures of field Faisal Neimat by sensor J015 which measures Soil Moisture. | Q535: None
A536: Jordan | B536: Faisal Neimat | C536: Field in Jordan | D536: 32.174145 | E536: 35.621113 | F536: J015 | G536: Technology that measures soil moisture at multiple depths. | H536: ST12 | I536: 008000000403FCEE | J536: soil_moisture_60 | K536: Soil Moisture | L536: =VLOOKUP($K536,'Property names'!$A$1:$D$100,2,FALSE) -> The amount of moisture present in the soil, often expressed as a percentage of the maximum amount the soil could hold at a given temperature. | M536: =VLOOKUP($K536,'Property names'!$A$1:$D$100,3,FALSE) -> Percentage | N536: =VLOOKUP($K536,'Property names'!$A$1:$D$100,4,FALSE) -> % | O536: =SUBSTITUTE(CONCATENATE(B536,"_",F536,"_",J536)," ","_") -> Faisal_Neimat_J015_soil_moisture_60 | P536: =CONCATENATE("The datastream containing mesures of field ",B536," by sensor ",F536," which measures ",K536,".") -> The datastream containing mesures of field Faisal Neimat by sensor J015 which measures Soil Moisture. | Q536: None
A537: Jordan | B537: Faisal Neimat | C537: Field in Jordan | D537: 32.174145 | E537: 35.621113 | F537: J015 | G537: Technology that measures soil moisture at multiple depths. | H537: ST12 | I537: 008000000403FCEE | J537: soil_moisture_90 | K537: Soil Moisture | L537: =VLOOKUP($K537,'Property names'!$A$1:$D$100,2,FALSE) -> The amount of moisture present in the soil, often expressed as a percentage of the maximum amount the soil could hold at a given temperature. | M537: =VLOOKUP($K537,'Property names'!$A$1:$D$100,3,FALSE) -> Percentage | N537: =VLOOKUP($K537,'Property names'!$A$1:$D$100,4,FALSE) -> % | O537: =SUBSTITUTE(CONCATENATE(B537,"_",F537,"_",J537)," ","_") -> Faisal_Neimat_J015_soil_moisture_90 | P537: =CONCATENATE("The datastream containing mesures of field ",B537," by sensor ",F537," which measures ",K537,".") -> The datastream containing mesures of field Faisal Neimat by sensor J015 which measures Soil Moisture. | Q537: None
A538: Jordan | B538: Faisal Neimat | C538: Field in Jordan | D538: 32.174145 | E538: 35.621113 | F538: J015 | G538: Technology that measures soil moisture at multiple depths. | H538: ST12 | I538: 008000000403FCEE | J538: soil_temperature_25 | K538: Soil Temperature | L538: =VLOOKUP($K538,'Property names'!$A$1:$D$100,2,FALSE) -> The measure of temperature of the soil. | M538: =VLOOKUP($K538,'Property names'!$A$1:$D$100,3,FALSE) -> Degrees Celsius | N538: =VLOOKUP($K538,'Property names'!$A$1:$D$100,4,FALSE) -> ºC | O538: =SUBSTITUTE(CONCATENATE(B538,"_",F538,"_",J538)," ","_") -> Faisal_Neimat_J015_soil_temperature_25 | P538: =CONCATENATE("The datastream containing mesures of field ",B538," by sensor ",F538," which measures ",K538,".") -> The datastream containing mesures of field Faisal Neimat by sensor J015 which measures Soil Temperature. | Q538: None
...

Sheet Sensor Type Details
A1: DEVICE TYPE | B1: GT1 | C1: ST01 | D1: ST02 | E1: ST03 | F1: ST04 | G1: ST05 | H1: ST06 | I1: ST07 | J1: ST08 | K1: ST09 | L1: ST10 | M1: ST11 | N1: ST12 | O1: ST13 | P1: ST14 | Q1: ST15
A2: FUNCTION | B2: Gateway | C2: Sensor | D2: Sensor | E2: Sensor | F2: Sensor | G2: Sensor | H2: Sensor | I2: Sensor | J2: Weather station | K2: Sensor | L2: Weather station | M2: Weather station | N2: Sensor | O2: Sensore | P2: Sensore | Q2: Weather station - wind module
A3: BRAND | B3: Rackwireless | C3: Seeeds | D3: Seeeds | E3: Milesight | F3: IQNexus | G3: IQNexus | H3: Maddalena | I3: Nature4 | J3: PrimoPrincipio | K3: VanWalt | L3: No-lora | M3: No-lora | N3: Shendga | O3: SENSOTERRA | P3: Shangai BOQU | Q3: PrimoPrincipio
A4: MODEL | B4: RAK7240 | C4: SenseCAPS2103 | D4: SenseCAP Soil Moisture and Temperature | E4: LoRa_Controlle-UC511 | F4: SenProbe - 3B-LR12 | G4: SenPulse-PCT-3A-LR-S | H4: Arrow split 2 | I4: TTCyber | J4: Quido - basic module | K4: DataHub | L4: Weather station - old | M4: Weather station - new | N4: Bulk water meter | O4: Multi Depth Soil Moisture Sensor | P4: Multi-parameter Analyzer | Q4: Quido - wind module
A5: Note | C5: Demo | D5: Demo | E5: Demo | I5: Italy | J5: Italy | L5: Jordan | M5: Jordan | N5: Jordan | O5: Jordan | P5: Jordan | Q5: Italy
A6: Message 1 | B6: Timestamp | C6: Air_Humidity | D6: Soil_Moisture | E6: battery_level | F6: Hmd Field 1 | G6: Count | H6: prev_eod_read | I6: Timestamp | J6: battery | Q6: battery
B7: GatewayEui | C7: Air_Temperature | D7: Soil_Temperature | E7: valve1_pulse | F7: Hmd Field 2 | G7: Leak | H7: prev_base_read | I7: SapFlow | J7: solar_radiation | Q7: wind_mean
B8: DevAddr | C8: CO2 | D8: CRC | E8: valve1_status | F8: Hmd Field 3 | G8: Quarte of Day | H8: delta_read_1 | I8: NDVI | J8: air_temperature | Q8: wind_max
B9: DevEui | C9: Fport | D9: battery_level | E9: valve2_pulse | F9: Hmd Field 4 | G9: System Voltage | H9: delta_read_2 | I9: RadialGrowth | J9: air_humidity | Q9: wind_dir
B10: Frequency | C10: MType | E10: valve2_status | F10: Hmd Field 5 | G10: Type | H10: delta_read_3 | I10: AirTemperature | J10: cumulative_precipitation
B11: MType | C11: Mic | F11: Hmd Field 6 | H11: delta_read_4 | I11: AirHumidity | J11: leaf_wetting
B12: SpreadingFactor | C12: Rssi | F12: Sistem Voltage | H12: delta_read_5 | I12: TrunkInclination
B13: FPort | C13: Snr | H13: delta_read_6 | I13: BatteryLevel
B14: FCnt | F14: Type | H14: delta_read_7
B15: CodeRate | H15: delta_read_8
B16: DataRate | H16: delta_read_9
B17: Bandwidth | H17: delta_read_10
H18: delta_read_11
A19: Message 2 | F19: Ambient Tmp
F20: Tmp Field 1
F21: Tmp Field 2
F22: Tmp Field 3
F23: Tmp Field 4
F24: Tmp Field 5
F25: Tmp Field 6
F26: Sistem Voltage
F27: Time Stamp
F28: Type
A31: Q.ty of measurment | B31: =COUNTA(B6:B30) -> 12 | C31: =COUNTA(C6:C30) -> 8 | D31: =COUNTA(D6:D30) -> 4 | E31: =COUNTA(E6:E30) -> 5 | F31: =COUNTA(F6:F30) -> 18 | G31: =COUNTA(G6:G30) -> 5 | I31: =COUNTA(I6:I30) -> 8
A32: Q.ty of devices
A33: Demo | B33: =COUNTIFS('All sensors Installed'!$B:$B,$A33,'All sensors Installed'!$F:$F,B$1) -> 1 | C33: =COUNTIFS('All sensors Installed'!$B:$B,$A33,'All sensors Installed'!$F:$F,C$1) -> 1 | D33: =COUNTIFS('All sensors Installed'!$B:$B,$A33,'All sensors Installed'!$F:$F,D$1) -> 1 | E33: =COUNTIFS('All sensors Installed'!$B:$B,$A33,'All sensors Installed'!$F:$F,E$1) -> 1 | F33: =COUNTIFS('All sensors Installed'!$B:$B,$A33,'All sensors Installed'!$F:$F,F$1) -> 1 | G33: =COUNTIFS('All sensors Installed'!$B:$B,$A33,'All sensors Installed'!$F:$F,G$1) -> 1 | H33: =COUNTIFS('All sensors Installed'!$B:$B,$A33,'All sensors Installed'!$F:$F,H$1) -> 0 | I33: =COUNTIFS('All sensors Installed'!$B:$B,$A33,'All sensors Installed'!$F:$F,I$1) -> 0 | ... P33: =COUNTIFS('All sensors Installed'!$B:$B,$A33,'All sensors Installed'!$F:$F,P$1) -> 0
A34: ITALY | B34: =COUNTIFS('All sensors Installed'!$B:$B,$A34,'All sensors Installed'!$F:$F,B$1) -> 2 | C34: =COUNTIFS('All sensors Installed'!$B:$B,$A34,'All sensors Installed'!$F:$F,C$1) -> 0 | D34: =COUNTIFS('All sensors Installed'!$B:$B,$A34,'All sensors Installed'!$F:$F,D$1) -> 0 | E34: =COUNTIFS('All sensors Installed'!$B:$B,$A34,'All sensors Installed'!$F:$F,E$1) -> 0 | F34: =COUNTIFS('All sensors Installed'!$B:$B,$A34,'All sensors Installed'!$F:$F,F$1) -> 10 | G34: =COUNTIFS('All sensors Installed'!$B:$B,$A34,'All sensors Installed'!$F:$F,G$1) -> 0 | H34: =COUNTIFS('All sensors Installed'!$B:$B,$A34,'All sensors Installed'!$F:$F,H$1) -> 12 | I34: =COUNTIFS('All sensors Installed'!$B:$B,$A34,'All sensors Installed'!$F:$F,I$1) -> 24 | ... P34: =COUNTIFS('All sensors Installed'!$B:$B,$A34,'All sensors Installed'!$F:$F,P$1) -> 0
A35: JORDAN | B35: =COUNTIFS('All sensors Installed'!$B:$B,$A35,'All sensors Installed'!$F:$F,B$1) -> 0 | C35: =COUNTIFS('All sensors Installed'!$B:$B,$A35,'All sensors Installed'!$F:$F,C$1) -> 0 | D35: =COUNTIFS('All sensors Installed'!$B:$B,$A35,'All sensors Installed'!$F:$F,D$1) -> 0 | E35: =COUNTIFS('All sensors Installed'!$B:$B,$A35,'All sensors Installed'!$F:$F,E$1) -> 0 | F35: =COUNTIFS('All sensors Installed'!$B:$B,$A35,'All sensors Installed'!$F:$F,F$1) -> 0 | G35: =COUNTIFS('All sensors Installed'!$B:$B,$A35,'All sensors Installed'!$F:$F,G$1) -> 0 | H35: =COUNTIFS('All sensors Installed'!$B:$B,$A35,'All sensors Installed'!$F:$F,H$1) -> 0 | I35: =COUNTIFS('All sensors Installed'!$B:$B,$A35,'All sensors Installed'!$F:$F,I$1) -> 0 | ... P35: =COUNTIFS('All sensors Installed'!$B:$B,$A35,'All sensors Installed'!$F:$F,P$1) -> 0
A36: TUNISIA | B36: =COUNTIFS('All sensors Installed'!$B:$B,$A36,'All sensors Installed'!$F:$F,B$1) -> 0 | C36: =COUNTIFS('All sensors Installed'!$B:$B,$A36,'All sensors Installed'!$F:$F,C$1) -> 0 | D36: =COUNTIFS('All sensors Installed'!$B:$B,$A36,'All sensors Installed'!$F:$F,D$1) -> 0 | E36: =COUNTIFS('All sensors Installed'!$B:$B,$A36,'All sensors Installed'!$F:$F,E$1) -> 0 | F36: =COUNTIFS('All sensors Installed'!$B:$B,$A36,'All sensors Installed'!$F:$F,F$1) -> 0 | G36: =COUNTIFS('All sensors Installed'!$B:$B,$A36,'All sensors Installed'!$F:$F,G$1) -> 0 | H36: =COUNTIFS('All sensors Installed'!$B:$B,$A36,'All sensors Installed'!$F:$F,H$1) -> 0 | I36: =COUNTIFS('All sensors Installed'!$B:$B,$A36,'All sensors Installed'!$F:$F,I$1) -> 0 | ... P36: =COUNTIFS('All sensors Installed'!$B:$B,$A36,'All sensors Installed'!$F:$F,P$1) -> 0
A37: LEBANON | B37: =COUNTIFS('All sensors Installed'!$B:$B,$A37,'All sensors Installed'!$F:$F,B$1) -> 0 | C37: =COUNTIFS('All sensors Installed'!$B:$B,$A37,'All sensors Installed'!$F:$F,C$1) -> 0 | D37: =COUNTIFS('All sensors Installed'!$B:$B,$A37,'All sensors Installed'!$F:$F,D$1) -> 0 | E37: =COUNTIFS('All sensors Installed'!$B:$B,$A37,'All sensors Installed'!$F:$F,E$1) -> 0 | F37: =COUNTIFS('All sensors Installed'!$B:$B,$A37,'All sensors Installed'!$F:$F,F$1) -> 0 | G37: =COUNTIFS('All sensors Installed'!$B:$B,$A37,'All sensors Installed'!$F:$F,G$1) -> 0 | H37: =COUNTIFS('All sensors Installed'!$B:$B,$A37,'All sensors Installed'!$F:$F,H$1) -> 0 | I37: =COUNTIFS('All sensors Installed'!$B:$B,$A37,'All sensors Installed'!$F:$F,I$1) -> 0 | ... P37: =COUNTIFS('All sensors Installed'!$B:$B,$A37,'All sensors Installed'!$F:$F,P$1) -> 0

Sheet Property names
A1: Property Name | B1: Property Description | C1: Unit Of Measurement | D1: Unit Of Measurement Symbol | H1: Average granularity | Q1: Pilot
A2: Air Humidity | B2: The amount of moisture or water vapor present in the air, often expressed as a percentage of the maximum amount the air could hold at a given temperature. | C2: Percentage | D2: % | H2: Hourly | Q2: Field Name
A3: Air Temperature | B3: The measure of the hotness or coldness of the air. | C3: Degrees Celsius | D3: ºC | H3: Daily | Q3: Field Description
A4: Altitude | B4: The vertical distance of a location above a reference point, typically sea level, measured in meters or feet. | C4: Meters | D4: m | H4: Weekly | Q4: Field Longitude
A5: Atmospheric Pressure | B5: The force exerted by the weight of the air above a given point on Earth's surface, which can vary with changes in weather and altitude. | C5: Kilopascal | D5: kPa | H5: Monthly | Q5: Field Latitude
A6: Battery Level | B6: The percentage of battery level associated to the specific sensor. | C6: Percentage | D6: % | H6: None | Q6: Device ID
A7: Battery Voltage | B7: The electrical potential in a battery, indicating its charge level. | C7: Millivolts | D7: mV | Q7: Device Description
A8: Chain Node | B8: A point or device within a blockchain network that validates and records transactions, contributing to the decentralized nature of the technology. | C8: - | D8: - | Q8: Device Type
A9: CO2 Concentration | B9: The quantity of carbon dioxide gas present in the air, used to assess air quality and monitor environmental conditions. | C9: Parts per million | D9: ppm | Q9: Device EUI
A10: DeltaT | B10: The difference in time between two events, often used in various scientific contexts. | C10: Seconds | D10: s | Q10: Property Key
A11: Dew Point | B11: The temperature at which air becomes saturated with moisture, leading to the formation of dew or condensation. | C11: Degrees Celsius | D11: ºC | Q11: Property Name
A12: Electric Conductivity | B12: Measure of the ability of a solution to conduct electricity. | C12: Microsiemens per centimeter | D12: μS/cm | Q12: Property Description
A13: Flowmeter pulses | B13: The number of pulses read by flowmeter. Depending on flowmeter configuration it could correspond to a different number of cubic meter of water | C13: Number of pulses | D13: N/A | Q13: Unit Of Measurement
A14: Groundwater Level | B14: The depth at which the water table is found beneath the Earth's surface. | C14: Meters | D14: m | Q14: Unit Of Measurement Symbol
A15: Gust Speed | B15: The maximum sudden burst of wind speed. | C15: Meters per second | D15: m/s | Q15: Datastream Name
A16: Horizontal dilusion | B16: A measure of the spread of GPS satellite signals as they reach a receiver on the Earth's surface, affecting the accuracy of position calculations. | C16: - | D16: - | Q16: Datastream Description
A17: Latitude | B17: The angular distance of a location north or south of the equator, measured in degrees. | C17: Degrees | D17: º
A18: Leaf Wetness | B18: The presence of moisture on the surface of plant leaves, often indicating favorable conditions for disease development. | C18: - | D18: -
A19: Leak warning | B19: A warning in case of water leak detected | C19: True / False | D19: N/A
A20: Lightning Activity | B20: The occurrence of electrical discharges in the atmosphere, typically during thunderstorms. | C20: N/A | D20: N/A
A21: Lightning Distance | B21: The distance from a location to the nearest lightning strike. | C21: Kilometers | D21: km
A22: Logger Temperature | B22: The temperature measured by a data logger or recording device. | C22: Degrees Celsius | D22: ºC
A23: Longitude | B23: The angular distance of a location east or west of the prime meridian, measured in degrees. | C23: Degrees | D23: º
A24: Max Precipitation Rate | B24: The highest rate at which rain or other forms of precipitation fall in a given period. | C24: Millimeters per hour | D24: mm/h
A25: Midnight | B25: The point in time at the middle of the night, commonly defined as 12:00 AM. | C25: - | D25: -
A26: NH3 / Ammonia | B26: Concentration of ammonia. | C26: Milligrams per liter | D26: mg/L
A27: NO4 / Nitrate | B27: Concentration of nitrogen. | C27: Milligrams per liter | D27: mg/L
A28: ORP | B28: Oxidation and Reduction Potential | C28: Millivolts | D28: mV
... A65: Water level cm | B65: Water level in centimeters. | C65: Centimeters | D65: cm

Sheet WOT Sensor Details
A1: DEVICE TYPE | B1: GT1 | C1: ST01 | D1: ST02 | E1: ST03 | F1: ST04 | G1: ST05 | H1: ST06 | I1: ST07 | J1: ST08 | K1: ST09 | L1: ST10 | M1: ST11 | N1: ST12 | O1: ST13 | P1: ST14 | Q1: ST15 | R1: ST16
A2: FUNCTION | B2: Gateway | C2: Sensor | D2: Sensor | E2: Sensor | F2: Sensor | G2: Sensor | H2: Sensor | I2: Sensor | J2: Weather station | K2: Sensor | L2: Weather station | M2: Weather station | N2: Sensor | O2: Sensore | P2: Sensore | Q2: Weather station | R2: Sensor
A3: BRAND | B3: Rackwireless | C3: Seeeds | D3: Seeeds | E3: Milesight | F3: IQNexus | G3: IQNexus | H3: Maddalena | I3: Nature4 | J3: PrimoPrincipio | K3: VanWalt | L3: No-lora | M3: No-lora | N3: Shendga | O3: SENSOTERRA | P3: Shangai BOQU | Q3: PrimoPrincipio | R3: Materontek
A4: MODEL | B4: RAK7240 | C4: SenseCAPS2103 | D4: SenseCAP Soil Moisture and Temperature | E4: LoRa_Controlle-UC511 | F4: SenProbe - 3B-LR12 | G4: SenPulse-PCT-3A-LR-S | H4: Arrow split 2 | I4: TTCyber | J4: Quido - basic module | K4: DataHub | L4: Weather station - old | M4: Weather station - new | N4: Bulk water meter | O4: Multi Depth Soil Moisture Sensor | P4: Multi-parameter Analyzer | Q4: Quido - wind module | R4: Level transmitter - LT1090
A5: Note | C5: Demo | D5: Demo | E5: Demo | H5: Italy | I5: Italy | J5: Italy | L5: Jordan | M5: Jordan | N5: Jordan | O5: Jordan | P5: Jordan | Q5: Italy | R5: Jordan
A6: Device description | C6: Compact and versatile environmental sensor module designed for monitoring temperature and humidity in various applications. | D6: A sensor module for measuring soil moisture and temperature, ideal for agriculture and environmental monitoring. | E6: A LoRa-enabled controller for managing and controlling IoT devices, facilitating long-range wireless communication. | F6: An advanced sensor capable of monitoring temperature and moisture at different depths. Useful for agronomic research activities. | G6: A sensor for counting and transmitting the pulse produced by a flowmeter | I6: A sensor for tree's overall health monitoring that collects radial growth, sap flux density, tree stability, air temperature and humidity and NDVI
A7: Message 1 | B7: Timestamp | C7: Air_Humidity | D7: Soil_Moisture | E7: battery_level | F7: Hmd Field 1 | G7: Count | H7: prev_eod_read | I7: Timestamp | J7: solar_radiation
C8: Air_Temperature | D8: Soil_Temperature | E8: valve1_pulse | F8: Hmd Field 2 | G8: Leak | I8: SapFlow | J8: air_temperature
C9: CO2 | E9: valve1_status | F9: Hmd Field 3 | I9: NDVI | J9: air_humidity
E10: valve2_pulse | F10: Hmd Field 4 | I10: RadialGrowth | J10: cumulative_precipitation
E11: valve2_status | F11: Hmd Field 5 | I11: AirTemperature | J11: leaf_wetting
F12: Hmd Field 6 | I12: AirHumidity
I13: Yaw
I14: Pitch
I15: Roll
I16: BatteryLevel
A20: Message 2 | F20: Ambient Tmp
F21: Tmp Field 1
F22: Tmp Field 2
F23: Tmp Field 3
F24: Tmp Field 4
F25: Tmp Field 5
F26: Tmp Field 6
A32: Q.ty of measurment | B32: =COUNTA(B7:B31) -> 1 | C32: =COUNTA(C7:C31) -> 3 | D32: =COUNTA(D7:D31) -> 2 | E32: =COUNTA(E7:E31) -> 5 | F32: =COUNTA(F7:F31) -> 13 | G32: =COUNTA(G7:G31) -> 2 | H32: =COUNTA(H7:H31) -> 1 | I32: =COUNTA(I7:I31) -> 10 | R32: 1
A33: Q.ty of devices
A34: Demo | B34: =COUNTIFS('All sensors Installed'!$B:$B,$A34,'All sensors Installed'!$F:$F,B$1) -> 1 | C34: =COUNTIFS('All sensors Installed'!$B:$B,$A34,'All sensors Installed'!$F:$F,C$1) -> 1 | D34: =COUNTIFS('All sensors Installed'!$B:$B,$A34,'All sensors Installed'!$F:$F,D$1) -> 1 | E34: =COUNTIFS('All sensors Installed'!$B:$B,$A34,'All sensors Installed'!$F:$F,E$1) -> 1 | F34: =COUNTIFS('All sensors Installed'!$B:$B,$A34,'All sensors Installed'!$F:$F,F$1) -> 1 | G34: =COUNTIFS('All sensors Installed'!$B:$B,$A34,'All sensors Installed'!$F:$F,G$1) -> 1 | H34: =COUNTIFS('All sensors Installed'!$B:$B,$A34,'All sensors Installed'!$F:$F,H$1) -> 0 | I34: =COUNTIFS('All sensors Installed'!$B:$B,$A34,'All sensors Installed'!$F:$F,I$1) -> 0 | ... P34: =COUNTIFS('All sensors Installed'!$B:$B,$A34,'All sensors Installed'!$F:$F,P$1) -> 0 | R34: 0
A35: ITALY | B35: =COUNTIFS('All sensors Installed'!$B:$B,$A35,'All sensors Installed'!$F:$F,B$1) -> 2 | C35: =COUNTIFS('All sensors Installed'!$B:$B,$A35,'All sensors Installed'!$F:$F,C$1) -> 0 | D35: =COUNTIFS('All sensors Installed'!$B:$B,$A35,'All sensors Installed'!$F:$F,D$1) -> 0 | E35: =COUNTIFS('All sensors Installed'!$B:$B,$A35,'All sensors Installed'!$F:$F,E$1) -> 0 | F35: =COUNTIFS('All sensors Installed'!$B:$B,$A35,'All sensors Installed'!$F:$F,F$1) -> 10 | G35: =COUNTIFS('All sensors Installed'!$B:$B,$A35,'All sensors Installed'!$F:$F,G$1) -> 0 | H35: =COUNTIFS('All sensors Installed'!$B:$B,$A35,'All sensors Installed'!$F:$F,H$1) -> 12 | I35: =COUNTIFS('All sensors Installed'!$B:$B,$A35,'All sensors Installed'!$F:$F,I$1) -> 24 | ... P35: =COUNTIFS('All sensors Installed'!$B:$B,$A35,'All sensors Installed'!$F:$F,P$1) -> 0 | R35: 0
A36: JORDAN | B36: =COUNTIFS('All sensors Installed'!$B:$B,$A36,'All sensors Installed'!$F:$F,B$1) -> 0 | C36: =COUNTIFS('All sensors Installed'!$B:$B,$A36,'All sensors Installed'!$F:$F,C$1) -> 0 | D36: =COUNTIFS('All sensors Installed'!$B:$B,$A36,'All sensors Installed'!$F:$F,D$1) -> 0 | E36: =COUNTIFS('All sensors Installed'!$B:$B,$A36,'All sensors Installed'!$F:$F,E$1) -> 0 | F36: =COUNTIFS('All sensors Installed'!$B:$B,$A36,'All sensors Installed'!$F:$F,F$1) -> 0 | G36: =COUNTIFS('All sensors Installed'!$B:$B,$A36,'All sensors Installed'!$F:$F,G$1) -> 0 | H36: =COUNTIFS('All sensors Installed'!$B:$B,$A36,'All sensors Installed'!$F:$F,H$1) -> 0 | I36: =COUNTIFS('All sensors Installed'!$B:$B,$A36,'All sensors Installed'!$F:$F,I$1) -> 0 | ... P36: =COUNTIFS('All sensors Installed'!$B:$B,$A36,'All sensors Installed'!$F:$F,P$1) -> 0 | R36: 1
A37: TUNISIA | B37: =COUNTIFS('All sensors Installed'!$B:$B,$A37,'All sensors Installed'!$F:$F,B$1) -> 0 | C37: =COUNTIFS('All sensors Installed'!$B:$B,$A37,'All sensors Installed'!$F:$F,C$1) -> 0 | D37: =COUNTIFS('All sensors Installed'!$B:$B,$A37,'All sensors Installed'!$F:$F,D$1) -> 0 | E37: =COUNTIFS('All sensors Installed'!$B:$B,$A37,'All sensors Installed'!$F:$F,E$1) -> 0 | F37: =COUNTIFS('All sensors Installed'!$B:$B,$A37,'All sensors Installed'!$F:$F,F$1) -> 0 | G37: =COUNTIFS('All sensors Installed'!$B:$B,$A37,'All sensors Installed'!$F:$F,G$1) -> 0 | H37: =COUNTIFS('All sensors Installed'!$B:$B,$A37,'All sensors Installed'!$F:$F,H$1) -> 0 | I37: =COUNTIFS('All sensors Installed'!$B:$B,$A37,'All sensors Installed'!$F:$F,I$1) -> 0 | ... P37: =COUNTIFS('All sensors Installed'!$B:$B,$A37,'All sensors Installed'!$F:$F,P$1) -> 0 | R37: 0
A38: LEBANON | B38: =COUNTIFS('All sensors Installed'!$B:$B,$A38,'All sensors Installed'!$F:$F,B$1) -> 0 | C38: =COUNTIFS('All sensors Installed'!$B:$B,$A38,'All sensors Installed'!$F:$F,C$1) -> 0 | D38: =COUNTIFS('All sensors Installed'!$B:$B,$A38,'All sensors Installed'!$F:$F,D$1) -> 0 | E38: =COUNTIFS('All sensors Installed'!$B:$B,$A38,'All sensors Installed'!$F:$F,E$1) -> 0 | F38: =COUNTIFS('All sensors Installed'!$B:$B,$A38,'All sensors Installed'!$F:$F,F$1) -> 0 | G38: =COUNTIFS('All sensors Installed'!$B:$B,$A38,'All sensors Installed'!$F:$F,G$1) -> 0 | H38: =COUNTIFS('All sensors Installed'!$B:$B,$A38,'All sensors Installed'!$F:$F,H$1) -> 0 | I38: =COUNTIFS('All sensors Installed'!$B:$B,$A38,'All sensors Installed'!$F:$F,I$1) -> 0 | ... P38: =COUNTIFS('All sensors Installed'!$B:$B,$A38,'All sensors Installed'!$F:$F,P$1) -> 0 | R38: 0
