Workbook

Sheet All sensors Installed
G1: 1 | H1: 2 | I1: 3 | K1: LoRaWAN and test codes | U1: All Other connection Reference
A2: ID | B2: PILOT REF | C2: Name | D2: Lat | E2: Lon | F2: Device Type | G2: FUNCTION | H2: BRAND | I2: MODEL | K2: DEVICE EUI | L2: APP EUI (SN for Gateway) | M2: APP KEY | N2: Device Address | O2: AppSKey | P2: NwkSKey | Q2: TB token | R2: Communication check | S2: Decoding check | U2: EndPoint | V2: EndPoint Type | W2: UserName | X2: Password | Y2: Device ID | Z2: Communication check | AA2: Decoding check | AB2: MEASUREMENTS | AC2: Notes | AD2: @dropdown
A3: DGW01 | B3: Demo | C3: RAK | D3: 40.726754 | E3: 8.564322 | F3: GT1 | G3: =HLOOKUP($F3,'Sensor Type Details'!$B$1:$R$4,G$1+1) -> Gateway | H3: =HLOOKUP($F3,'Sensor Type Details'!$B$1:$R$4,H$1+1) -> Rackwireless | I3: =HLOOKUP($F3,'Sensor Type Details'!$B$1:$R$4,I$1+1) -> RAK7240 | J3: =K1 -> LoRaWAN and test codes | K3: AC1F09FFFE091FBD | L3: 9181000G6020915016 | T3: =U1 -> All Other connection Reference
A4: D001 | B4: Demo | C4: SenseCAPS2103 | D4: 40.726754 | E4: 8.564322 | F4: ST01 | G4: =HLOOKUP($F4,'Sensor Type Details'!$B$1:$R$4,G$1+1) -> Sensor | H4: =HLOOKUP($F4,'Sensor Type Details'!$B$1:$R$4,H$1+1) -> Seeeds | I4: =HLOOKUP($F4,'Sensor Type Details'!$B$1:$R$4,I$1+1) -> SenseCAPS2103 | K4: 2cf7f1c043500183 | L4: 2E3F1EFBCD63BC37 | M4: 9FB06416DFFCCE752077C9BC030FDF50 | Q4: isvHssKmSlqaKqlOF2E0 | R4: ok | S4: ok | AB4: Air temperature, Air humidity, CO2 concentration
A5: D002 | B5: Demo | C5: SenseCAPS868 | D5: 40.726754 | E5: 8.564322 | F5: ST02 | G5: =HLOOKUP($F5,'Sensor Type Details'!$B$1:$R$4,G$1+1) -> Sensor | H5: =HLOOKUP($F5,'Sensor Type Details'!$B$1:$R$4,H$1+1) -> Seeeds | I5: =HLOOKUP($F5,'Sensor Type Details'!$B$1:$R$4,I$1+1) -> SenseCAP Soil Moisture and Temperature | K5: 2CF7F12031500017 | L5: 8000000000000009 | M5: DE914F209AC8A89E4BBB494EDA525441 | Q5: lsp4QbMlO7zaYLzZ2BA1 | R5: ok | S5: ok | AB5: Soil moisture & Temperature
A6: D003 | B6: Demo | C6: LoRa_Controller-UC511 | D6: 40.726754 | E6: 8.564322 | F6: ST03 | G6: =HLOOKUP($F6,'Sensor Type Details'!$B$1:$R$4,G$1+1) -> Sensor | H6: =HLOOKUP($F6,'Sensor Type Details'!$B$1:$R$4,H$1+1) -> Milesight | I6: =HLOOKUP($F6,'Sensor Type Details'!$B$1:$R$4,I$1+1) -> LoRa_Controlle-UC511 | K6: 24e124414b106165 | L6: 24E124C0002A0001 | M6: 5572404C696E6B4C6F52613230313823 | Q6: ORwcidwrRPfXNq3n6NJZ | R6: ok | S6: ok | AB6: 2 x Valve state & Controll
A7: D004 | B7: Demo | C7: SenProbe-3A | D7: 40.726754 | E7: 8.564322 | F7: ST04 | G7: =HLOOKUP($F7,'Sensor Type Details'!$B$1:$R$4,G$1+1) -> Sensor | H7: =HLOOKUP($F7,'Sensor Type Details'!$B$1:$R$4,H$1+1) -> IQNexus | I7: =HLOOKUP($F7,'Sensor Type Details'!$B$1:$R$4,I$1+1) -> SenProbe - 3B-LR12 | K7: AC1F09FFFE04E43F | L7: D34B2F28A10C8DB0 | M7: D927A47631ECF07A09A2132A66212379 | Q7: NXUY6jsih4vggsxt2APd | R7: ok | S7: ok | AB7: 6X Soil moisture & Soil Temperature + Air Temperature
A8: D005 | B8: Demo | C8: SenPulse-3V | D8: 40.726754 | E8: 8.564322 | F8: ST05 | G8: =HLOOKUP($F8,'Sensor Type Details'!$B$1:$R$4,G$1+1) -> Sensor | H8: =HLOOKUP($F8,'Sensor Type Details'!$B$1:$R$4,H$1+1) -> IQNexus | I8: =HLOOKUP($F8,'Sensor Type Details'!$B$1:$R$4,I$1+1) -> SenPulse-PCT-3A-LR-S | K8: 3738383962376102 | L8: 0101010101010101 | M8: 2B7E151628AED2A6ABF7158809CF4F3C | Q8: YHYEONmduF3tDNFyBttK | R8: ok | S8: ok | AB8: Pulse Totaliser
A10: PILOT - ITALY
A11: IGW01 | B11: ITALY | C11: RAK-UNISS-1 | F11: GT1 | G11: =HLOOKUP($F11,'Sensor Type Details'!$B$1:$R$4,G$1+1) -> Gateway | H11: =HLOOKUP($F11,'Sensor Type Details'!$B$1:$R$4,H$1+1) -> Rackwireless | I11: =HLOOKUP($F11,'Sensor Type Details'!$B$1:$R$4,I$1+1) -> RAK7240 | K11: AC1F09FFFE0BB7A7 | L11: 918100QN6030313014
A12: IGW02 | B12: ITALY | C12: RAK-UNISS-2 | F12: GT1 | G12: =HLOOKUP($F12,'Sensor Type Details'!$B$1:$R$4,G$1+1) -> Gateway | H12: =HLOOKUP($F12,'Sensor Type Details'!$B$1:$R$4,H$1+1) -> Rackwireless | I12: =HLOOKUP($F12,'Sensor Type Details'!$B$1:$R$4,I$1+1) -> RAK7240 | K12: AC1F09FFFE0BB7A9 | L12: 918100QN6030313015
A13: I001 | B13: ITALY | F13: ST04 | G13: =HLOOKUP($F13,'Sensor Type Details'!$B$1:$R$4,G$1+1) -> Sensor | H13: =HLOOKUP($F13,'Sensor Type Details'!$B$1:$R$4,H$1+1) -> IQNexus | I13: =HLOOKUP($F13,'Sensor Type Details'!$B$1:$R$4,I$1+1) -> SenProbe - 3B-LR12 | K13: AC1F09FFFE04E48A | L13: 0101010101010101 | M13: 2B7E151628AED2A6ABF7158809CF4F3C | R13: ok | AB13: 6X Soil moisture & Soil Temperature + Air Temperature
A14: I002 | B14: ITALY | F14: ST04 | G14: =HLOOKUP($F14,'Sensor Type Details'!$B$1:$R$4,G$1+1) -> Sensor | H14: =HLOOKUP($F14,'Sensor Type Details'!$B$1:$R$4,H$1+1) -> IQNexus | I14: =HLOOKUP($F14,'Sensor Type Details'!$B$1:$R$4,I$1+1) -> SenProbe - 3B-LR12 | K14: AC1F09FFFE04E487 | L14: 0101010101010101 | M14: 2B7E151628AED2A6ABF7158809CF4F3C | R14: ok | AB14: 6X Soil moisture & Soil Temperature + Air Temperature
A15: I003 | B15: ITALY | F15: ST04 | G15: =HLOOKUP($F15,'Sensor Type Details'!$B$1:$R$4,G$1+1) -> Sensor | H15: =HLOOKUP($F15,'Sensor Type Details'!$B$1:$R$4,H$1+1) -> IQNexus | I15: =HLOOKUP($F15,'Sensor Type Details'!$B$1:$R$4,I$1+1) -> SenProbe - 3B-LR12 | K15: AC1F09FFFE04E4C1 | L15: 0101010101010101 | M15: 2B7E151628AED2A6ABF7158809CF4F3C | R15: ok | AB15: 6X Soil moisture & Soil Temperature + Air Temperature
A16: I004 | B16: ITALY | F16: ST04 | G16: =HLOOKUP($F16,'Sensor Type Details'!$B$1:$R$4,G$1+1) -> Sensor | H16: =HLOOKUP($F16,'Sensor Type Details'!$B$1:$R$4,H$1+1) -> IQNexus | I16: =HLOOKUP($F16,'Sensor Type Details'!$B$1:$R$4,I$1+1) -> SenProbe - 3B-LR12 | K16: AC1F09FFFE04E4B1 | L16: 0101010101010101 | M16: 2B7E151628AED2A6ABF7158809CF4F3C | R16: ok | AB16: 6X Soil moisture & Soil Temperature + Air Temperature
A17: I005 | B17: ITALY | F17: ST04 | G17: =HLOOKUP($F17,'Sensor Type Details'!$B$1:$R$4,G$1+1) -> Sensor | H17: =HLOOKUP($F17,'Sensor Type Details'!$B$1:$R$4,H$1+1) -> IQNexus | I17: =HLOOKUP($F17,'Sensor Type Details'!$B$1:$R$4,I$1+1) -> SenProbe - 3B-LR12 | K17: AC1F09FFFE04DB8D | L17: 0101010101010101 | M17: 2B7E151628AED2A6ABF7158809CF4F3C | R17: ok | AB17: 6X Soil moisture & Soil Temperature + Air Temperature
A18: I006 | B18: ITALY | F18: ST04 | G18: =HLOOKUP($F18,'Sensor Type Details'!$B$1:$R$4,G$1+1) -> Sensor | H18: =HLOOKUP($F18,'Sensor Type Details'!$B$1:$R$4,H$1+1) -> IQNexus | I18: =HLOOKUP($F18,'Sensor Type Details'!$B$1:$R$4,I$1+1) -> SenProbe - 3B-LR12 | K18: AC1F09FFFE04E488 | L18: 0101010101010101 | M18: 2B7E151628AED2A6ABF7158809CF4F3C | R18: ok | AB18: 6X Soil moisture & Soil Temperature + Air Temperature
A19: I007 | B19: ITALY | F19: ST04 | G19: =HLOOKUP($F19,'Sensor Type Details'!$B$1:$R$4,G$1+1) -> Sensor | H19: =HLOOKUP($F19,'Sensor Type Details'!$B$1:$R$4,H$1+1) -> IQNexus | I19: =HLOOKUP($F19,'Sensor Type Details'!$B$1:$R$4,I$1+1) -> SenProbe - 3B-LR12 | K19: AC1F09FFFE04E284 | L19: 0101010101010101 | M19: 2B7E151628AED2A6ABF7158809CF4F3C | R19: ok | AB19: 6X Soil moisture & Soil Temperature + Air Temperature
A20: I008 | B20: ITALY | F20: ST04 | G20: =HLOOKUP($F20,'Sensor Type Details'!$B$1:$R$4,G$1+1) -> Sensor | H20: =HLOOKUP($F20,'Sensor Type Details'!$B$1:$R$4,H$1+1) -> IQNexus | I20: =HLOOKUP($F20,'Sensor Type Details'!$B$1:$R$4,I$1+1) -> SenProbe - 3B-LR12 | K20: AC1F09FFFE04E2CB | L20: 0101010101010101 | M20: 2B7E151628AED2A6ABF7158809CF4F3C | R20: ok | AB20: 6X Soil moisture & Soil Temperature + Air Temperature
A21: I009 | B21: ITALY | F21: ST04 | G21: =HLOOKUP($F21,'Sensor Type Details'!$B$1:$R$4,G$1+1) -> Sensor | H21: =HLOOKUP($F21,'Sensor Type Details'!$B$1:$R$4,H$1+1) -> IQNexus | I21: =HLOOKUP($F21,'Sensor Type Details'!$B$1:$R$4,I$1+1) -> SenProbe - 3B-LR12 | K21: AC1F09FFFE04E240 | L21: 0101010101010101 | M21: 2B7E151628AED2A6ABF7158809CF4F3C | AB21: 6X Soil moisture & Soil Temperature + Air Temperature
A22: I010 | B22: ITALY | F22: ST04 | G22: =HLOOKUP($F22,'Sensor Type Details'!$B$1:$R$4,G$1+1) -> Sensor | H22: =HLOOKUP($F22,'Sensor Type Details'!$B$1:$R$4,H$1+1) -> IQNexus | I22: =HLOOKUP($F22,'Sensor Type Details'!$B$1:$R$4,I$1+1) -> SenProbe - 3B-LR12 | K22: AC1F09FFFE04E312 | L22: 0101010101010101 | M22: 2B7E151628AED2A6ABF7158809CF4F3C | AB22: 6X Soil moisture & Soil Temperature + Air Temperature
A23: I011 | B23: ITALY | F23: ST06 | G23: =HLOOKUP($F23,'Sensor Type Details'!$B$1:$R$4,G$1+1) -> Sensor | H23: =HLOOKUP($F23,'Sensor Type Details'!$B$1:$R$4,H$1+1) -> Maddalena | I23: =HLOOKUP($F23,'Sensor Type Details'!$B$1:$R$4,I$1+1) -> Arrow split 2 | K23: 78D800B023960378 | L23: 0101010101010101 | M23: DAE982C90EE7BDA3CB86210F349A4D8C | R23: ok | S23: ok | AB23: Water flow
A24: I012 | B24: ITALY | F24: ST06 | G24: =HLOOKUP($F24,'Sensor Type Details'!$B$1:$R$4,G$1+1) -> Sensor | H24: =HLOOKUP($F24,'Sensor Type Details'!$B$1:$R$4,H$1+1) -> Maddalena | I24: =HLOOKUP($F24,'Sensor Type Details'!$B$1:$R$4,I$1+1) -> Arrow split 2 | K24: 78D800B023960379 | L24: 0101010101010101 | M24: AF08096331115DE4E72269A3FF27C6FE | S24: ok | AB24: Water flow
A25: I013 | B25: ITALY | F25: ST06 | G25: =HLOOKUP($F25,'Sensor Type Details'!$B$1:$R$4,G$1+1) -> Sensor | H25: =HLOOKUP($F25,'Sensor Type Details'!$B$1:$R$4,H$1+1) -> Maddalena | I25: =HLOOKUP($F25,'Sensor Type Details'!$B$1:$R$4,I$1+1) -> Arrow split 2 | K25: 78D800B023960380 | L25: 0101010101010101 | M25: 31EA10B723E4BB3C4C54E29863CA219F | S25: ok | AB25: Water flow
A26: I014 | B26: ITALY | F26: ST06 | G26: =HLOOKUP($F26,'Sensor Type Details'!$B$1:$R$4,G$1+1) -> Sensor | H26: =HLOOKUP($F26,'Sensor Type Details'!$B$1:$R$4,H$1+1) -> Maddalena | I26: =HLOOKUP($F26,'Sensor Type Details'!$B$1:$R$4,I$1+1) -> Arrow split 2 | K26: 78D800B023960381 | L26: 0101010101010101 | M26: 722D42E0C4946986E1B0386AE648AC5E | S26: ok | AB26: Water flow
A27: I015 | B27: ITALY | F27: ST06 | G27: =HLOOKUP($F27,'Sensor Type Details'!$B$1:$R$4,G$1+1) -> Sensor | H27: =HLOOKUP($F27,'Sensor Type Details'!$B$1:$R$4,H$1+1) -> Maddalena | I27: =HLOOKUP($F27,'Sensor Type Details'!$B$1:$R$4,I$1+1) -> Arrow split 2 | K27: 78D800B023960382 | L27: 0101010101010101 | M27: 294F8ED6861B691D3CD623E0FB9B79C5 | S27: ok | AB27: Water flow
A28: I016 | B28: ITALY | F28: ST06 | G28: =HLOOKUP($F28,'Sensor Type Details'!$B$1:$R$4,G$1+1) -> Sensor | H28: =HLOOKUP($F28,'Sensor Type Details'!$B$1:$R$4,H$1+1) -> Maddalena | I28: =HLOOKUP($F28,'Sensor Type Details'!$B$1:$R$4,I$1+1) -> Arrow split 2 | K28: 78D800B023960383 | L28: 0101010101010101 | M28: 5F7A39E4C8EB51602ACA7BB0EAF6B293 | S28: ok | AB28: Water flow
A29: I017 | B29: ITALY | F29: ST06 | G29: =HLOOKUP($F29,'Sensor Type Details'!$B$1:$R$4,G$1+1) -> Sensor | H29: =HLOOKUP($F29,'Sensor Type Details'!$B$1:$R$4,H$1+1) -> Maddalena | I29: =HLOOKUP($F29,'Sensor Type Details'!$B$1:$R$4,I$1+1) -> Arrow split 2 | K29: 78D800B023960384 | L29: 0101010101010101 | M29: E0DF3488DCA1A263DF84795017910EDD | S29: ok | AB29: Water flow
A30: I018 | B30: ITALY | F30: ST06 | G30: =HLOOKUP($F30,'Sensor Type Details'!$B$1:$R$4,G$1+1) -> Sensor | H30: =HLOOKUP($F30,'Sensor Type Details'!$B$1:$R$4,H$1+1) -> Maddalena | I30: =HLOOKUP($F30,'Sensor Type Details'!$B$1:$R$4,I$1+1) -> Arrow split 2 | K30: 78D800B023960385 | L30: 0101010101010101 | M30: 441F38EFADDE87AFE973207044BAC61E | S30: ok | AB30: Water flow
A31: I019 | B31: ITALY | F31: ST06 | G31: =HLOOKUP($F31,'Sensor Type Details'!$B$1:$R$4,G$1+1) -> Sensor | H31: =HLOOKUP($F31,'Sensor Type Details'!$B$1:$R$4,H$1+1) -> Maddalena | I31: =HLOOKUP($F31,'Sensor Type Details'!$B$1:$R$4,I$1+1) -> Arrow split 2 | K31: 78D800B023960386 | L31: 0101010101010101 | M31: C38B6B249BF2E1F8C70A7EFAFEBD5239 | S31: ok | AB31: Water flow
A32: I020 | B32: ITALY | F32: ST06 | G32: =HLOOKUP($F32,'Sensor Type Details'!$B$1:$R$4,G$1+1) -> Sensor | H32: =HLOOKUP($F32,'Sensor Type Details'!$B$1:$R$4,H$1+1) -> Maddalena | I32: =HLOOKUP($F32,'Sensor Type Details'!$B$1:$R$4,I$1+1) -> Arrow split 2 | K32: 78D800B023960387 | L32: 0101010101010101 | M32: 4A632FED0C3064F1843D734B56A26961 | S32: ok | AB32: Water flow
A33: I021 | B33: ITALY | F33: ST06 | G33: =HLOOKUP($F33,'Sensor Type Details'!$B$1:$R$4,G$1+1) -> Sensor | H33: =HLOOKUP($F33,'Sensor Type Details'!$B$1:$R$4,H$1+1) -> Maddalena | I33: =HLOOKUP($F33,'Sensor Type Details'!$B$1:$R$4,I$1+1) -> Arrow split 2 | K33: 78D800B023960388 | L33: 0101010101010101 | M33: FB973BE21492C41095240D3C30287FED | S33: ok | AB33: Water flow
A34: I022 | B34: ITALY | F34: ST06 | G34: =HLOOKUP($F34,'Sensor Type Details'!$B$1:$R$4,G$1+1) -> Sensor | H34: =HLOOKUP($F34,'Sensor Type Details'!$B$1:$R$4,H$1+1) -> Maddalena | I34: =HLOOKUP($F34,'Sensor Type Details'!$B$1:$R$4,I$1+1) -> Arrow split 2 | K34: 78D800B023960389 | L34: 0101010101010101 | M34: 4BFDB80781FB179661DA7FE5B6E43426 | S34: ok | AB34: Water flow
A35: I023 | B35: ITALY | D35: 39°56'37.5"N | E35: 8°41'58.2"E | F35: ST07 | G35: =HLOOKUP($F35,'Sensor Type Details'!$B$1:$R$4,G$1+1) -> Sensor | H35: =HLOOKUP($F35,'Sensor Type Details'!$B$1:$R$4,H$1+1) -> Nature4 | I35: =HLOOKUP($F35,'Sensor Type Details'!$B$1:$R$4,I$1+1) -> SapFlow | AB35: Radial growth, Sap flux density, Stem Water, Tree stability, Air and relative humitity, Soil Moisture
A36: I024 | B36: ITALY | F36: ST08 | G36: =HLOOKUP($F36,'Sensor Type Details'!$B$1:$R$4,G$1+1) -> Weather station | H36: =HLOOKUP($F36,'Sensor Type Details'!$B$1:$R$4,H$1+1) -> PrimoPrincipio | I36: =HLOOKUP($F36,'Sensor Type Details'!$B$1:$R$4,I$1+1) -> Quido | K36: 3632313973396417 | N36: 00CC3212 | O36: 2B7E151628AED2A6ABF7158809CF4F3C | P36: 2B7E151628AED2A6ABF7158809CF4F3C | R36: ok | S36: ok | AB36: Air Temperature, Air Humidity, Wind strength, Wind direction
A37: I025 | B37: ITALY | F37: ST08 | K37: 3932303169307818 | N37: 012e8f33 | O37: 2B7E151628AED2A6ABF7158809CF4F3C | P37: 2B7E151628AED2A6ABF7158809CF4F3C
A38: I026 | B38: ITALY | C38: Piezometric well number 10 | D38: 39°44'46.4"N | E38: 8°32'53.0"E | F38: ST09 | G38: =HLOOKUP($F38,'Sensor Type Details'!$B$1:$R$4,G$1+1) -> Sensor | H38: =HLOOKUP($F38,'Sensor Type Details'!$B$1:$R$4,H$1+1) -> VanWalt | I38: =HLOOKUP($F38,'Sensor Type Details'!$B$1:$R$4,I$1+1) -> DataHub | AB38: turbidity, temperature, conductivity, pH, ORP, Nitrate | AC38: AquaTROLL 500 & HydroMetrics GW50 Groundwater Optical Nitrate Sensor
A39: I027 | B39: ITALY | C39: Piezometric well number 8 | D39: 39°45'26.6"N | E39: 8°34'11.2"E | F39: ST09 | G39: =HLOOKUP($F39,'Sensor Type Details'!$B$1:$R$4,G$1+1) -> Sensor | H39: =HLOOKUP($F39,'Sensor Type Details'!$B$1:$R$4,H$1+1) -> VanWalt | I39: =HLOOKUP($F39,'Sensor Type Details'!$B$1:$R$4,I$1+1) -> DataHub | AB39: turbidity, temperature, conductivity, pH, ORP, Nitrate | AC39: AquaTROLL 500 & HydroMetrics GW50 Groundwater Optical Nitrate Sensor
A40: I028 | B40: ITALY | C40: Piezometric well number 174 | D40: 39°50'53.2"N | E40: 8°36'29.7"E | F40: ST09 | G40: =HLOOKUP($F40,'Sensor Type Details'!$B$1:$R$4,G$1+1) -> Sensor | H40: =HLOOKUP($F40,'Sensor Type Details'!$B$1:$R$4,H$1+1) -> VanWalt | I40: =HLOOKUP($F40,'Sensor Type Details'!$B$1:$R$4,I$1+1) -> DataHub | AB40: turbidity, temperature, conductivity, pH, ORP, Nitrate | AC40: AquaTROLL 500 & HydroMetrics GW50 Groundwater Optical Nitrate Sensor
A41: PILOT - JORDAN
A42: Area: Khalel Al-edwan
A43: JGW01 | B43: Jordan | C43: RAK-EUI:AC1F09FFFE0CF302 | D43: 31.840202° | E43: 35.638401° | F43: GT3 | G43: Gateway | H43: RAKWireless | I43: 7289V2 WisGate Edge Pro | K43: AC1F09FFFE0CF302 | L43: 9181100QN60300606047
A44: J001 | B44: Jordan | C44: WM-SN:2306120026 | D44: 31.840202° | E44: 35.638401° | F44: ST11 | G44: Sensor | H44: Shendga | I44: Bulk water meter | K44: 8254812306000026 | L44: 4841434D4C570001 | M44: 4841432D4D4C57202003180000025481 | AB44: Water flow
A45: J002 | B45: Jordan | C45: SM-SN:008000000403FCBF | D45: 31.840202° | E45: 35.638401° | F45: ST12 | G45: Sensor | H45: SENSOTERRA | I45: Multi Depth Soil Moisture Se | K45: 008000000403FCBF | L45: 70B3D5DC90000000 | M45: 87028624AEE3F95EFD186234A575A9B7 | AB45: 6 x depths: Soil Moisture, Soil Temperature
A46: J003 | B46: Jordan | C46: NODE-SN:114992872232300176 | D46: 31.840202° | E46: 35.638401° | F46: ST13 | G46: Sensor | H46: SenseCap | I46: Multi-parameter Analyzer | K46: 2CF7F1C0523000E2 | L46: 4E6AF369B0999C6B | M46: 1BF452CDE960F4867EF182FD9C057111 | AB46: pH, EC, NH3, NO4,Temperature, level of ground water | AC46: SKU:114992872
A47: Area: Mahmoud Al-rajbi
A48: JGW02 | B48: Jordan | C48: RAK-EUI:AC1F09FFFE0CF2F6 | D48: 32.240135° | E48: 35.613777° | F48: GT3 | G48: Gateway | H48: RAKWireless | I48: 7289V2 WisGate Edge Pro | K48: AC1F09FFFE0CF2F6 | L48: 9181100QN60300606041
A49: J004 | B49: Jordan | C49: WM-SN:008000000403FC9C | D49: 32.240135° | E49: 35.613777° | F49: ST11 | G49: Sensor | H49: Shendga | I49: Bulk water meter | K49: 8254812306000030 | L49: 4841434D4C570001 | M49: 4841432D4D4C57202003180000025481 | AB49: Water flow
A50: J005 | B50: Jordan | C50: SM-SN:2306120030 | D50: 32.240135° | E50: 35.613777° | F50: ST12 | G50: Sensor | H50: SENSOTERRA | I50: Multi Depth Soil Moisture Se | K50: 008000000403FCAB | L50: 70B3D5DC90000000 | M50: 98FFD3DD40E6549F45398C156C50A66C | AB50: 6 x depths: Soil Moisture, Soil Temperature
A51: J006 | B51: Jordan | C51: WM-SN:2306120023 | D51: 32.231155° | E51: 35.598148° | F51: ST11 | G51: Sensor | H51: Shendga | I51: Bulk water meter | K51: 8254812306000023 | L51: 4841434D4C570001 | M51: 4841432D4D4C57202003180000025481 | AB51: Water flow
A52: J007 | B52: Jordan | C52: SM-SN:008000000403FCAB | D52: 32.231155° | E52: 35.598148° | F52: ST12 | G52: Sensor | H52: SENSOTERRA | I52: Multi Depth Soil Moisture Se | K52: 008000000403FCA5 | L52: 70B3D5DC90000000 | M52: 7ABAF12DF82BFED5BFC13923C751538A | AB52: 6 x depths: Soil Moisture, Soil Temperature
A53: J008 | B53: Jordan | C53: WM-SN:2306120028 | D53: 32.237335° | E53: 35.595997° | F53: ST11 | G53: Sensor | H53: Shendga | I53: Bulk water meter | K53: 8254812306000028 | L53: 4841434D4C570001 | M53: 4841432D4D4C57202003180000025481 | AB53: Water flow
A54: J009 | B54: Jordan | C54: SM-SN:008000000403FCA5 | D54: 32.237335° | E54: 35.595997° | F54: ST12 | G54: Sensor | H54: SENSOTERRA | I54: Multi Depth Soil Moisture Se | K54: 008000000403FCC7 | L54: 70B3D5DC90000000 | M54: C876E1B950FD06B4870BFA650EA76C4D | AB54: 6 x depths: Soil Moisture, Soil Temperature
A55: Area: NARC
A56: JGW03 | B56: Jordan | C56: RAK-EUI:AC1F09FFFE0CFCE | D56: 32.194249° | E56: 35.621113° | F56: GT3 | G56: Gateway | H56: RAKWireless | I56: 7289V2 WisGate Edge Pro | K56: AC1F09FFFE0CF2CE | L56: 9181100QN60300606021
A57: J010 | B57: Jordan | C57: WM-SN:2306120027 | D57: 32.194249° | E57: 35.621113° | F57: ST11 | G57: Sensor | H57: Shendga | I57: Bulk water meter | K57: 8254812306000027 | L57: 4841434D4C570001 | M57: 4841432D4D4C57202003180000025481 | AB57: Water flow
A58: J011 | B58: Jordan | C58: SM-SN:008000000403FCC7 | D58: 32.194249° | E58: 35.621113° | F58: ST12 | G58: Sensor | H58: SENSOTERRA | I58: Multi Depth Soil Moisture Se | K58: 008000000403FCC4 | L58: 70B3D5DC90000000 | M58: 2DE9359F593AAE1D6C2BCB85DF47E1FB | AB58: 6 x depths: Soil Moisture, Soil Temperature
A59: J012 | B59: Jordan | C59: WM-SN:2306120029 | D59: 32.174145° | E59: 35.613014° | F59: ST11 | G59: Sensor | H59: Shendga | I59: Bulk water meter | K59: 8254812306000029 | L59: 4841434D4C570001 | M59: 4841432D4D4C57202003180000025481 | AB59: Water flow
A60: J013 | B60: Jordan | C60: SM-SN:008000000403FCC4 | D60: 32.174145° | E60: 35.613014° | F60: ST12 | G60: Sensor | H60: SENSOTERRA | I60: Multi Depth Soil Moisture Se | K60: 008000000403FCEE | L60: 70B3D5DC90000000 | M60: 5996F09DD3B7FD51D6C8167CC8F8B083 | AB60: 6 x depths: Soil Moisture, Soil Temperature
A61: Area: Faisal Neimat
A62: JGW04 | B62: Jordan | C62: RAK-EUI:AC1F09FFFE0CF2EC | D62: 32.180439° | E62: 35.629711° | F62: GT3 | G62: Gateway | H62: RAKWireless | I62: 7289V2 WisGate Edge Pro | K62: AC1F09FFFE0CF30A | L62: 918100QN6030606051 | AC62: this gateway maybe eliminated and this farm will be connected to NARC
A63: J014 | B63: Jordan | C63: WM-SN:2306120024 | D63: 32.180439° | E63: 35.629711° | F63: ST11 | G63: Sensor | H63: Shendga | I63: Bulk water meter | K63: 8254812306000024 | L63: 4841434D4C570001 | M63: 4841432D4D4C57202003180000025481 | AB63: Water flow
A64: J015 | B64: Jordan | C64: SM-SN:008000000403FCEE | D64: 32.180439° | E64: 35.629711° | F64: ST12 | G64: Sensor | H64: SENSOTERRA | I64: Multi Depth Soil Moisture Se | K64: 008000000403FC9C | L64: 70B3D5DC90000000 | M64: 914735D8A1111FD661DB9F328ECC31C2 | AB64: 6 x depths: Soil Moisture, Soil Temperature
A65: Area: Telal Al Thahab
A66: JGW05 | B66: Jordan | C66: RAK-EUI:AC1F09FFFE0CF2EC | D66: 32.188872° | E66: 35.685885° | F66: GT3 | G66: Gateway | H66: RAKWireless | I66: 7289V2 WisGate Edge Pro | K66: AC1F09FFFE0CF2EC | L66: 9181100QN60300606036
A67: J016 | B67: Jordan | C67: NODE-SN:114992872232300104 | D67: 32.188872° | E67: 35.685885° | F67: ST13 | G67: Sensor | H67: SenseCap | I67: Multi-parameter Analyzer | K67: 2CF7F1C05230012F | L67: CBB61DF2EFD97736 | M67: 7B005F0C5D9934B0783B716794E22609 | AB67: pH, EC, NH4, NO3,Temperature, level of ground water | AC67: SKU:114992872
B69: Jordan | C69: ??? | F69: ST10 | G69: =HLOOKUP($F69,'Sensor Type Details'!$B$1:$R$4,G$1+1) -> Weather station | H69: =HLOOKUP($F69,'Sensor Type Details'!$B$1:$R$4,H$1+1) -> No-lora | I69: =HLOOKUP($F69,'Sensor Type Details'!$B$1:$R$4,I$1+1) -> Weather station - old
A71: PILOT - LEBANON
A72: L001 | B72: Lebanon | C72: Agrometeorology station | G72: Sensor | H72: Pessel | I72: Fieldclimate - Legacy
A73: L002 | B73: Lebanon | C73: Agrometeorology station | G73: Sensor | H73: Pessel | I73: Fieldclimate - Legacy
A74: L003 | B74: Lebanon | C74: Agrometeorology station | G74: Sensor | H74: Pessel | I74: Fieldclimate - Legacy
A75: L004 | B75: Lebanon | C75: SQ-R non-contact flowmeter LORA Modem MODBUS Interface | G75: Sensor | H75: Sommer | AB75: Water speed
A76: L005 | B76: Lebanon | C76: Aquatroll 200 Level Sensor and datalogger | G76: Sensor | H76: Aquatroll | I76: Aquatroll 200 | AB76: Temperature, level, conductivity
A77: L006 | B77: Lebanon | C77: Aquatroll 500 Multiparameter (Not-vented) | G77: Sensor | H77: Aquatroll | I77: Multiparameter 500 | AB77: Temperature, conductivity, pH, ORP, Nitrate, Chlorophyll
A78: L007 | B78: Lebanon | C78: Soil Moisture Sensor | G78: Sensor | H78: Enviroprosoilprobes | I78: EP100G-16 | AB78: 16 x depths: Soil Moisture, Soil Temperature, Soil Salinity
A79: L008 | B79: Lebanon | C79: Soil Moisture Sensor | G79: Sensor | H79: Enviroprosoilprobes | I79: EP100G-16 | AB79: 16 x depths: Soil Moisture, Soil Temperature, Soil Salinity
A80: L009 | B80: Lebanon | C80: Soil Moisture Sensor | G80: Sensor | H80: Enviroprosoilprobes | I80: EP100G-16 | AB80: 16 x depths: Soil Moisture, Soil Temperature, Soil Salinity
A81: L010 | B81: Lebanon | C81: Soil Moisture Sensor | G81: Sensor | H81: Enviroprosoilprobes | I81: EP100G-16 | AB81: 16 x depths: Soil Moisture, Soil Temperature, Soil Salinity
A82: L011 | B82: Lebanon | C82: Soil Moisture Sensor | G82: Sensor | H82: Enviroprosoilprobes | I82: EP100G-16 | AB82: 16 x depths: Soil Moisture, Soil Temperature, Soil Salinity
A83: L012 | B83: Lebanon | C83: Soil Moisture Sensor | G83: Sensor | H83: Enviroprosoilprobes | I83: EP100G-16 | AB83: 16 x depths: Soil Moisture, Soil Temperature, Soil Salinity
A84: L013 | B84: Lebanon | C84: Soil Moisture Sensor | G84: Sensor | H84: Enviroprosoilprobes | I84: EP100G-16 | AB84: 16 x depths: Soil Moisture, Soil Temperature, Soil Salinity
A85: L014 | B85: Lebanon | C85: Soil Moisture Sensor | G85: Sensor | H85: Enviroprosoilprobes | I85: EP100G-16 | AB85: 16 x depths: Soil Moisture, Soil Temperature, Soil Salinity
A86: L015 | B86: Lebanon | C86: Soil Moisture Sensor | G86: Sensor | H86: Enviroprosoilprobes | I86: EP100G-16 | AB86: 16 x depths: Soil Moisture, Soil Temperature, Soil Salinity
A87: PILOT - TUNISIA
A88: Area: Farmer 1 - Noureddine Rojbani
A89: TGW01 | B89: Tunisia | C89: Base unit (3G-GSM-GPRS) | D89: 33.310748 | E89: 10.350577 | G89: 3G gateway | H89: DELTAOHM | I89: HD35APGMT | AC89: Farmer 1 Noureddine Rojbani
A90: TGW012 | B90: Tunisia | C90: GSM remote control box | D90: 33.310748 | E90: 10.350577 | G90: Solenoid valve controlling | H90: Blue Whale | I90: SMARTCAN_COMMAND | AC90: Farmer 1 Noureddine Rojbani
A91: TDL01 | B91: Tunisia | C91: Wireless data logger for Anemometer | D91: 33.310748 | E91: 10.350577 | G91: Datalogging | H91: DELTAOHM | I91: HD35ED[L]W-MB | AC91: Farmer 1 Noureddine Rojbani
A92: TDL02 | B92: Tunisia | C92: Wireless data logger for Rain gauge | D92: 33.310748 | E92: 10.350577 | G92: Datalogging | H92: DELTAOHM | I92: HD35EDWPTC | AC92: Farmer 1 Noureddine Rojbani
A93: TDL03 | B93: Tunisia | C93: Wireless data logger for Soil moisture | D93: 33.310748 | E93: 10.350577 | G93: Datalogging | H93: DELTAOHM | I93: HD35EDWN/3TC | AC93: Farmer 1 Noureddine Rojbani
A94: TDL04 | B94: Tunisia | C94: Wireless data logger for Soil moisture | D94: 33.310748 | E94: 10.350577 | G94: Datalogging | H94: DELTAOHM | I94: HD35EDWN/3TC | AC94: Farmer 1 Noureddine Rojbani
A95: TDL011 | B95: Tunisia | C95: Wireless data logger for Impulse water meter | D95: 33.310748 | E95: 10.350577 | G95: Datalogging | H95: DELTAOHM | I95: HD35EDWH | AC95: Farmer 1 Noureddine Rojbani
A96: TDL012 | B96: Tunisia | C96: Wireless data logger for Impulse water meter | D96: 33.310748 | E96: 10.350577 | G96: Datalogging | H96: DELTAOHM | I96: HD35EDWH | AC96: Farmer 1 Noureddine Rojbani
A97: TS01 | B97: Tunisia | C97: Two Axes Ultrasonic Anemometer | D97: 33.310748 | E97: 10.350577 | G97: Sensor | H97: DELTAOHM | I97: HD 52.3DP147 | AB97: Wind speed and direction, solar radiation, temperature, relative humidity, barometric pressure, Evapotranspiration | AC97: Farmer 1 Noureddine Rojbani
A98: TS02 | B98: Tunisia | C98: Rain gauge with tipping bucket 200 cm2 | D98: 33.310748 | E98: 10.350577 | G98: Sensor | H98: DELTAOHM | I98: HD2015 | AB98: Cumulative Rainfall, Rain Intensity | AC98: Farmer 1 Noureddine Rojbani
A99: TS03 | B99: Tunisia | C99: Probes (two electrodes) | D99: 33.310748 | E99: 10.350577 | G99: Sensor | H99: DELTAOHM | I99: HD3910 | AB99: Soil Volumetric water content, Soil Temperature | AC99: Farmer 1 Noureddine Rojbani
A100: TS04 | B100: Tunisia | C100: Probes (two electrodes) | D100: 33.310748 | E100: 10.350577 | G100: Sensor | H100: DELTAOHM | I100: HD3910 | AB100: Soil Volumetric water content, Soil Temperature | AC100: Farmer 1 Noureddine Rojbani
A101: TS05 | B101: Tunisia | C101: Probes (two electrodes) | D101: 33.310748 | E101: 10.350577 | G101: Sensor | H101: DELTAOHM | I101: HD3910 | AB101: Soil Volumetric water content, Soil Temperature | AC101: Farmer 1 Noureddine Rojbani
A102: TS06 | B102: Tunisia | C102: Probes (two electrodes) | D102: 33.310748 | E102: 10.350577 | G102: Sensor | H102: DELTAOHM | I102: HD3910 | AB102: Soil Volumetric water content, Soil Temperature | AC102: Farmer 1 Noureddine Rojbani
A103: TS07 | B103: Tunisia | C103: Probes (two electrodes) | D103: 33.310748 | E103: 10.350577 | G103: Sensor | H103: DELTAOHM | I103: HD3910 | AB103: Soil Volumetric water content, Soil Temperature | AC103: Farmer 1 Noureddine Rojbani
...

Sheet Sensor Type Details
A1: DEVICE TYPE | B1: GT1 | C1: ST01 | D1: ST02 | E1: ST03 | F1: ST04 | G1: ST05 | H1: ST06 | I1: ST07 | J1: ST08 | K1: ST09 | L1: ST10 | M1: ST11 | N1: ST12 | O1: ST13 | P1: ST14
A2: FUNCTION | B2: Gateway | C2: Sensor | D2: Sensor | E2: Sensor | F2: Sensor | G2: Sensor | H2: Sensor | I2: Sensor | J2: Weather station | K2: Sensor | L2: Weather station | M2: Weather station | N2: Sensor | O2: Sensore | P2: Sensore
A3: BRAND | B3: Rackwireless | C3: Seeeds | D3: Seeeds | E3: Milesight | F3: IQNexus | G3: IQNexus | H3: Maddalena | I3: Nature4 | J3: PrimoPrincipio | K3: VanWalt | L3: No-lora | M3: No-lora | N3: Shendga | O3: SENSOTERRA | P3: Shangai BOQU
A4: MODEL | B4: RAK7240 | C4: SenseCAPS2103 | D4: SenseCAP Soil Moisture and Temperature | E4: LoRa_Controlle-UC511 | F4: SenProbe - 3B-LR12 | G4: SenPulse-PCT-3A-LR-S | H4: Arrow split 2 | I4: SapFlow | J4: Quido | K4: DataHub | L4: Weather station - old | M4: Weather station - new | N4: Bulk water meter | O4: Multi Depth Soil Moisture Sensor | P4: Multi-parameter Analyzer
A5: Note | C5: Demo | D5: Demo | E5: Demo | I5: Italy | J5: Italy | L5: Jordan | M5: Jordan | N5: Jordan | O5: Jordan | P5: Jordan
A6: Message 1 | B6: Timestamp | C6: Air_Humidity | D6: Soil_Moisture | E6: battery_level | F6: Hmd Field 1 | G6: Count
B7: GatewayEui | C7: Air_Temperature | D7: Soil_Temperature | E7: valve1_pulse | F7: Hmd Field 2 | G7: Leak
B8: DevAddr | C8: CO2 | D8: CRC | E8: valve1_status | F8: Hmd Field 3 | G8: Quarte of Day
B9: DevEui | C9: Fport | D9: battery_level | E9: valve2_pulse | F9: Hmd Field 4 | G9: System Voltage
B10: Frequency | C10: MType | E10: valve2_status | F10: Hmd Field 5 | G10: Type
B11: MType | C11: Mic | F11: Hmd Field 6
B12: SpreadingFactor | C12: Rssi | F12: Sistem Voltage
B13: FPort | C13: Snr
B14: FCnt | F14: Type
B15: CodeRate
B16: DataRate
B17: Bandwidth
A18: Message 2 | F18: Ambient Tmp
F19: Tmp Field 1
F20: Tmp Field 2
F21: Tmp Field 3
F22: Tmp Field 4
F23: Tmp Field 5
F24: Tmp Field 6
F25: Sistem Voltage
F26: Time Stamp
F27: Type
A30: Q.ty of measurment | B30: =COUNTA(B6:B29) -> 12 | C30: =COUNTA(C6:C29) -> 8 | D30: =COUNTA(D6:D29) -> 4 | E30: =COUNTA(E6:E29) -> 5 | F30: =COUNTA(F6:F29) -> 18 | G30: =COUNTA(G6:G29) -> 5
A31: Q.ty of devices
A32: Demo | B32: =COUNTIFS('All sensors Installed'!$B:$B,$A32,'All sensors Installed'!$F:$F,B$1) -> 1 | C32: =COUNTIFS('All sensors Installed'!$B:$B,$A32,'All sensors Installed'!$F:$F,C$1) -> 1 | D32: =COUNTIFS('All sensors Installed'!$B:$B,$A32,'All sensors Installed'!$F:$F,D$1) -> 1 | E32: =COUNTIFS('All sensors Installed'!$B:$B,$A32,'All sensors Installed'!$F:$F,E$1) -> 1 | F32: =COUNTIFS('All sensors Installed'!$B:$B,$A32,'All sensors Installed'!$F:$F,F$1) -> 1 | G32: =COUNTIFS('All sensors Installed'!$B:$B,$A32,'All sensors Installed'!$F:$F,G$1) -> 1 | H32: =COUNTIFS('All sensors Installed'!$B:$B,$A32,'All sensors Installed'!$F:$F,H$1) -> 0 | I32: =COUNTIFS('All sensors Installed'!$B:$B,$A32,'All sensors Installed'!$F:$F,I$1) -> 0 | ... P32: =COUNTIFS('All sensors Installed'!$B:$B,$A32,'All sensors Installed'!$F:$F,P$1) -> 0
A33: ITALY | B33: =COUNTIFS('All sensors Installed'!$B:$B,$A33,'All sensors Installed'!$F:$F,B$1) -> 2 | C33: =COUNTIFS('All sensors Installed'!$B:$B,$A33,'All sensors Installed'!$F:$F,C$1) -> 0 | D33: =COUNTIFS('All sensors Installed'!$B:$B,$A33,'All sensors Installed'!$F:$F,D$1) -> 0 | E33: =COUNTIFS('All sensors Installed'!$B:$B,$A33,'All sensors Installed'!$F:$F,E$1) -> 0 | F33: =COUNTIFS('All sensors Installed'!$B:$B,$A33,'All sensors Installed'!$F:$F,F$1) -> 10 | G33: =COUNTIFS('All sensors Installed'!$B:$B,$A33,'All sensors Installed'!$F:$F,G$1) -> 0 | H33: =COUNTIFS('All sensors Installed'!$B:$B,$A33,'All sensors Installed'!$F:$F,H$1) -> 12 | I33: =COUNTIFS('All sensors Installed'!$B:$B,$A33,'All sensors Installed'!$F:$F,I$1) -> 1 | ... P33: =COUNTIFS('All sensors Installed'!$B:$B,$A33,'All sensors Installed'!$F:$F,P$1) -> 0
A34: JORDAN | B34: =COUNTIFS('All sensors Installed'!$B:$B,$A34,'All sensors Installed'!$F:$F,B$1) -> 0 | C34: =COUNTIFS('All sensors Installed'!$B:$B,$A34,'All sensors Installed'!$F:$F,C$1) -> 0 | D34: =COUNTIFS('All sensors Installed'!$B:$B,$A34,'All sensors Installed'!$F:$F,D$1) -> 0 | E34: =COUNTIFS('All sensors Installed'!$B:$B,$A34,'All sensors Installed'!$F:$F,E$1) -> 0 | F34: =COUNTIFS('All sensors Installed'!$B:$B,$A34,'All sensors Installed'!$F:$F,F$1) -> 0 | G34: =COUNTIFS('All sensors Installed'!$B:$B,$A34,'All sensors Installed'!$F:$F,G$1) -> 0 | H34: =COUNTIFS('All sensors Installed'!$B:$B,$A34,'All sensors Installed'!$F:$F,H$1) -> 0 | I34: =COUNTIFS('All sensors Installed'!$B:$B,$A34,'All sensors Installed'!$F:$F,I$1) -> 0 | ... P34: =COUNTIFS('All sensors Installed'!$B:$B,$A34,'All sensors Installed'!$F:$F,P$1) -> 0
A35: TUNISIA | B35: =COUNTIFS('All sensors Installed'!$B:$B,$A35,'All sensors Installed'!$F:$F,B$1) -> 0 | C35: =COUNTIFS('All sensors Installed'!$B:$B,$A35,'All sensors Installed'!$F:$F,C$1) -> 0 | D35: =COUNTIFS('All sensors Installed'!$B:$B,$A35,'All sensors Installed'!$F:$F,D$1) -> 0 | E35: =COUNTIFS('All sensors Installed'!$B:$B,$A35,'All sensors Installed'!$F:$F,E$1) -> 0 | F35: =COUNTIFS('All sensors Installed'!$B:$B,$A35,'All sensors Installed'!$F:$F,F$1) -> 0 | G35: =COUNTIFS('All sensors Installed'!$B:$B,$A35,'All sensors Installed'!$F:$F,G$1) -> 0 | H35: =COUNTIFS('All sensors Installed'!$B:$B,$A35,'All sensors Installed'!$F:$F,H$1) -> 0 | I35: =COUNTIFS('All sensors Installed'!$B:$B,$A35,'All sensors Installed'!$F:$F,I$1) -> 0 | ... P35: =COUNTIFS('All sensors Installed'!$B:$B,$A35,'All sensors Installed'!$F:$F,P$1) -> 0
A36: LEBANON | B36: =COUNTIFS('All sensors Installed'!$B:$B,$A36,'All sensors Installed'!$F:$F,B$1) -> 0 | C36: =COUNTIFS('All sensors Installed'!$B:$B,$A36,'All sensors Installed'!$F:$F,C$1) -> 0 | D36: =COUNTIFS('All sensors Installed'!$B:$B,$A36,'All sensors Installed'!$F:$F,D$1) -> 0 | E36: =COUNTIFS('All sensors Installed'!$B:$B,$A36,'All sensors Installed'!$F:$F,E$1) -> 0 | F36: =COUNTIFS('All sensors Installed'!$B:$B,$A36,'All sensors Installed'!$F:$F,F$1) -> 0 | G36: =COUNTIFS('All sensors Installed'!$B:$B,$A36,'All sensors Installed'!$F:$F,G$1) -> 0 | H36: =COUNTIFS('All sensors Installed'!$B:$B,$A36,'All sensors Installed'!$F:$F,H$1) -> 0 | I36: =COUNTIFS('All sensors Installed'!$B:$B,$A36,'All sensors Installed'!$F:$F,I$1) -> 0 | ... P36: =COUNTIFS('All sensors Installed'!$B:$B,$A36,'All sensors Installed'!$F:$F,P$1) -> 0

Sheet WOT Sensor Details
A1: DEVICE TYPE | B1: GT1 | C1: ST01 | D1: ST02 | E1: ST03 | F1: ST04 | G1: ST05 | H1: ST06 | I1: ST07 | J1: ST08 | K1: ST09 | L1: ST10 | M1: ST11 | N1: ST12 | O1: ST13 | P1: ST14
A2: FUNCTION | B2: Gateway | C2: Sensor | D2: Sensor | E2: Sensor | F2: Sensor | G2: Sensor | H2: Sensor | I2: Sensor | J2: Weather station | K2: Sensor | L2: Weather station | M2: Weather station | N2: Sensor | O2: Sensore | P2: Sensore
A3: BRAND | B3: Rackwireless | C3: Seeeds | D3: Seeeds | E3: Milesight | F3: IQNexus | G3: IQNexus | H3: Maddalena | I3: Nature4 | J3: PrimoPrincipio | K3: VanWalt | L3: No-lora | M3: No-lora | N3: Shendga | O3: SENSOTERRA | P3: Shangai BOQU
A4: MODEL | B4: RAK7240 | C4: SenseCAPS2103 | D4: SenseCAP Soil Moisture and Temperature | E4: LoRa_Controlle-UC511 | F4: SenProbe - 3B-LR12 | G4: SenPulse-PCT-3A-LR-S | H4: Arrow split 2 | I4: SapFlow | J4: Quido | K4: DataHub | L4: Weather station - old | M4: Weather station - new | N4: Bulk water meter | O4: Multi Depth Soil Moisture Sensor | P4: Multi-parameter Analyzer
A5: Note | C5: Demo | D5: Demo | E5: Demo | H5: Italy | I5: Italy | J5: Italy | L5: Jordan | M5: Jordan | N5: Jordan | O5: Jordan | P5: Jordan
A6: Device description | C6: Compact and versatile environmental sensor module designed for monitoring temperature and humidity in various applications. | D6: A sensor module for measuring soil moisture and temperature, ideal for agriculture and environmental monitoring. | E6: A LoRa-enabled controller for managing and controlling IoT devices, facilitating long-range wireless communication. | F6: An advanced sensor capable of monitoring temperature and moisture at different depths. Useful for agronomic research activities. | G6: A sensor for counting and transmitting the pulse produced by a flowmeter
A7: Message 1 | B7: Timestamp | C7: Air_Humidity | D7: Soil_Moisture | E7: battery_level | F7: Hmd Field 1 | G7: Count
C8: Air_Temperature | D8: Soil_Temperature | E8: valve1_pulse | F8: Hmd Field 2 | G8: Leak
C9: CO2 | E9: valve1_status | F9: Hmd Field 3
E10: valve2_pulse | F10: Hmd Field 4
E11: valve2_status | F11: Hmd Field 5
F12: Hmd Field 6
A19: Message 2 | F19: Ambient Tmp
F20: Tmp Field 1
F21: Tmp Field 2
F22: Tmp Field 3
F23: Tmp Field 4
F24: Tmp Field 5
F25: Tmp Field 6
A31: Q.ty of measurment | B31: =COUNTA(B7:B30) -> 1 | C31: =COUNTA(C7:C30) -> 3 | D31: =COUNTA(D7:D30) -> 2 | E31: =COUNTA(E7:E30) -> 5 | F31: =COUNTA(F7:F30) -> 13 | G31: =COUNTA(G7:G30) -> 2
A32: Q.ty of devices
A33: Demo | B33: =COUNTIFS('All sensors Installed'!$B:$B,$A33,'All sensors Installed'!$F:$F,B$1) -> 1 | C33: =COUNTIFS('All sensors Installed'!$B:$B,$A33,'All sensors Installed'!$F:$F,C$1) -> 1 | D33: =COUNTIFS('All sensors Installed'!$B:$B,$A33,'All sensors Installed'!$F:$F,D$1) -> 1 | E33: =COUNTIFS('All sensors Installed'!$B:$B,$A33,'All sensors Installed'!$F:$F,E$1) -> 1 | F33: =COUNTIFS('All sensors Installed'!$B:$B,$A33,'All sensors Installed'!$F:$F,F$1) -> 1 | G33: =COUNTIFS('All sensors Installed'!$B:$B,$A33,'All sensors Installed'!$F:$F,G$1) -> 1 | H33: =COUNTIFS('All sensors Installed'!$B:$B,$A33,'All sensors Installed'!$F:$F,H$1) -> 0 | I33: =COUNTIFS('All sensors Installed'!$B:$B,$A33,'All sensors Installed'!$F:$F,I$1) -> 0 | ... P33: =COUNTIFS('All sensors Installed'!$B:$B,$A33,'All sensors Installed'!$F:$F,P$1) -> 0
A34: ITALY | B34: =COUNTIFS('All sensors Installed'!$B:$B,$A34,'All sensors Installed'!$F:$F,B$1) -> 2 | C34: =COUNTIFS('All sensors Installed'!$B:$B,$A34,'All sensors Installed'!$F:$F,C$1) -> 0 | D34: =COUNTIFS('All sensors Installed'!$B:$B,$A34,'All sensors Installed'!$F:$F,D$1) -> 0 | E34: =COUNTIFS('All sensors Installed'!$B:$B,$A34,'All sensors Installed'!$F:$F,E$1) -> 0 | F34: =COUNTIFS('All sensors Installed'!$B:$B,$A34,'All sensors Installed'!$F:$F,F$1) -> 10 | G34: =COUNTIFS('All sensors Installed'!$B:$B,$A34,'All sensors Installed'!$F:$F,G$1) -> 0 | H34: =COUNTIFS('All sensors Installed'!$B:$B,$A34,'All sensors Installed'!$F:$F,H$1) -> 12 | I34: =COUNTIFS('All sensors Installed'!$B:$B,$A34,'All sensors Installed'!$F:$F,I$1) -> 1 | ... P34: =COUNTIFS('All sensors Installed'!$B:$B,$A34,'All sensors Installed'!$F:$F,P$1) -> 0
A35: JORDAN | B35: =COUNTIFS('All sensors Installed'!$B:$B,$A35,'All sensors Installed'!$F:$F,B$1) -> 0 | C35: =COUNTIFS('All sensors Installed'!$B:$B,$A35,'All sensors Installed'!$F:$F,C$1) -> 0 | D35: =COUNTIFS('All sensors Installed'!$B:$B,$A35,'All sensors Installed'!$F:$F,D$1) -> 0 | E35: =COUNTIFS('All sensors Installed'!$B:$B,$A35,'All sensors Installed'!$F:$F,E$1) -> 0 | F35: =COUNTIFS('All sensors Installed'!$B:$B,$A35,'All sensors Installed'!$F:$F,F$1) -> 0 | G35: =COUNTIFS('All sensors Installed'!$B:$B,$A35,'All sensors Installed'!$F:$F,G$1) -> 0 | H35: =COUNTIFS('All sensors Installed'!$B:$B,$A35,'All sensors Installed'!$F:$F,H$1) -> 0 | I35: =COUNTIFS('All sensors Installed'!$B:$B,$A35,'All sensors Installed'!$F:$F,I$1) -> 0 | ... P35: =COUNTIFS('All sensors Installed'!$B:$B,$A35,'All sensors Installed'!$F:$F,P$1) -> 0
A36: TUNISIA | B36: =COUNTIFS('All sensors Installed'!$B:$B,$A36,'All sensors Installed'!$F:$F,B$1) -> 0 | C36: =COUNTIFS('All sensors Installed'!$B:$B,$A36,'All sensors Installed'!$F:$F,C$1) -> 0 | D36: =COUNTIFS('All sensors Installed'!$B:$B,$A36,'All sensors Installed'!$F:$F,D$1) -> 0 | E36: =COUNTIFS('All sensors Installed'!$B:$B,$A36,'All sensors Installed'!$F:$F,E$1) -> 0 | F36: =COUNTIFS('All sensors Installed'!$B:$B,$A36,'All sensors Installed'!$F:$F,F$1) -> 0 | G36: =COUNTIFS('All sensors Installed'!$B:$B,$A36,'All sensors Installed'!$F:$F,G$1) -> 0 | H36: =COUNTIFS('All sensors Installed'!$B:$B,$A36,'All sensors Installed'!$F:$F,H$1) -> 0 | I36: =COUNTIFS('All sensors Installed'!$B:$B,$A36,'All sensors Installed'!$F:$F,I$1) -> 0 | ... P36: =COUNTIFS('All sensors Installed'!$B:$B,$A36,'All sensors Installed'!$F:$F,P$1) -> 0
A37: LEBANON | B37: =COUNTIFS('All sensors Installed'!$B:$B,$A37,'All sensors Installed'!$F:$F,B$1) -> 0 | C37: =COUNTIFS('All sensors Installed'!$B:$B,$A37,'All sensors Installed'!$F:$F,C$1) -> 0 | D37: =COUNTIFS('All sensors Installed'!$B:$B,$A37,'All sensors Installed'!$F:$F,D$1) -> 0 | E37: =COUNTIFS('All sensors Installed'!$B:$B,$A37,'All sensors Installed'!$F:$F,E$1) -> 0 | F37: =COUNTIFS('All sensors Installed'!$B:$B,$A37,'All sensors Installed'!$F:$F,F$1) -> 0 | G37: =COUNTIFS('All sensors Installed'!$B:$B,$A37,'All sensors Installed'!$F:$F,G$1) -> 0 | H37: =COUNTIFS('All sensors Installed'!$B:$B,$A37,'All sensors Installed'!$F:$F,H$1) -> 0 | I37: =COUNTIFS('All sensors Installed'!$B:$B,$A37,'All sensors Installed'!$F:$F,I$1) -> 0 | ... P37: =COUNTIFS('All sensors Installed'!$B:$B,$A37,'All sensors Installed'!$F:$F,P$1) -> 0

Sheet Datastream Definition
A1: Pilot | B1: Field Name | C1: Field Description | D1: Field Longitude | E1: Field Latitude | F1: Device ID | G1: Device Description | H1: Device Type | I1: Device EUI | J1: Property Key | K1: Property Name | L1: Property Description | M1: Unit Of Measurement | N1: Unit Of Measurement Symbol | O1: Datastream Name | P1: Datastream Description
A2: Demo | B2: Demo Field | C2: Demo sensors in ABI | D2: 8.5643235 | E2: 40.727006 | F2: D001 | G2: Compact and versatile environmental sensor module designed for monitoring temperature and humidity in various applications. | H2: ST01 | I2: 2cf7f1c043500183 | J2: air_temperature | K2: Air Temperature | L2: =VLOOKUP($K2,'Property names'!$A$1:$D$99,2,FALSE) -> The measure of the hotness or coldness of the air. | M2: =VLOOKUP($K2,'Property names'!$A$1:$D$99,3,FALSE) -> Degrees Celsius | N2: =VLOOKUP($K2,'Property names'!$A$1:$D$99,4,FALSE) -> ºC | O2: =SUBSTITUTE(CONCATENATE(B2,"_",F2,"_",J2)," ","_") -> Demo_Field_D001_air_temperature | P2: =CONCATENATE("The datastream containing mesures of field ",B2," by sensor ",F2," which measures ",K2,".") -> The datastream containing mesures of field Demo Field by sensor D001 which measures Air Temperature.
A3: Demo | B3: Demo Field | C3: Demo sensors in ABI | D3: 8.5643235 | E3: 40.727006 | F3: D001 | G3: Compact and versatile environmental sensor module designed for monitoring temperature and humidity in various applications. | H3: ST01 | I3: 2cf7f1c043500183 | J3: air_humidity | K3: Air Humidity | L3: =VLOOKUP($K3,'Property names'!$A$1:$D$99,2,FALSE) -> The amount of moisture or water vapor present in the air, often expressed as a percentage of the maximum amount the air could hold at a given temperature. | M3: =VLOOKUP($K3,'Property names'!$A$1:$D$99,3,FALSE) -> Percentage | N3: =VLOOKUP($K3,'Property names'!$A$1:$D$99,4,FALSE) -> % | O3: =SUBSTITUTE(CONCATENATE(B3,"_",F3,"_",J3)," ","_") -> Demo_Field_D001_air_humidity | P3: =CONCATENATE("The datastream containing mesures of field ",B3," by sensor ",F3," which measures ",K3,".") -> The datastream containing mesures of field Demo Field by sensor D001 which measures Air Humidity.
A4: Demo | B4: Demo Field | C4: Demo sensors in ABI | D4: 8.5643235 | E4: 40.727006 | F4: D001 | G4: Compact and versatile environmental sensor module designed for monitoring temperature and humidity in various applications. | H4: ST01 | I4: 2cf7f1c043500183 | J4: co2_concentration | K4: CO2 Concentration | L4: =VLOOKUP($K4,'Property names'!$A$1:$D$99,2,FALSE) -> The quantity of carbon dioxide gas present in the air, used to assess air quality and monitor environmental conditions. | M4: =VLOOKUP($K4,'Property names'!$A$1:$D$99,3,FALSE) -> Parts per million | N4: =VLOOKUP($K4,'Property names'!$A$1:$D$99,4,FALSE) -> ppm | O4: =SUBSTITUTE(CONCATENATE(B4,"_",F4,"_",J4)," ","_") -> Demo_Field_D001_co2_concentration | P4: =CONCATENATE("The datastream containing mesures of field ",B4," by sensor ",F4," which measures ",K4,".") -> The datastream containing mesures of field Demo Field by sensor D001 which measures CO2 Concentration.
A5: Demo | B5: Demo Field | C5: Demo sensors in ABI | D5: 8.5643235 | E5: 40.727006 | F5: D002 | G5: A sensor module for measuring soil moisture and temperature, ideal for agriculture and environmental monitoring. | H5: ST02 | I5: 2CF7F12031500017 | J5: soil_moisture | K5: Soil Moisture | L5: =VLOOKUP($K5,'Property names'!$A$1:$D$99,2,FALSE) -> The amount of moisture present in the soil, often expressed as a percentage of the maximum amount the soil could hold at a given temperature. | M5: =VLOOKUP($K5,'Property names'!$A$1:$D$99,3,FALSE) -> Percentage | N5: =VLOOKUP($K5,'Property names'!$A$1:$D$99,4,FALSE) -> % | O5: =SUBSTITUTE(CONCATENATE(B5,"_",F5,"_",J5)," ","_") -> Demo_Field_D002_soil_moisture | P5: =CONCATENATE("The datastream containing mesures of field ",B5," by sensor ",F5," which measures ",K5,".") -> The datastream containing mesures of field Demo Field by sensor D002 which measures Soil Moisture.
A6: Demo | B6: Demo Field | C6: Demo sensors in ABI | D6: 8.5643235 | E6: 40.727006 | F6: D002 | G6: A sensor module for measuring soil moisture and temperature, ideal for agriculture and environmental monitoring. | H6: ST02 | I6: 2CF7F12031500017 | J6: soil_temperature | K6: Soil Temperature | L6: =VLOOKUP($K6,'Property names'!$A$1:$D$99,2,FALSE) -> The measure of temperature of the soil. | M6: =VLOOKUP($K6,'Property names'!$A$1:$D$99,3,FALSE) -> Degrees Celsius | N6: =VLOOKUP($K6,'Property names'!$A$1:$D$99,4,FALSE) -> ºC | O6: =SUBSTITUTE(CONCATENATE(B6,"_",F6,"_",J6)," ","_") -> Demo_Field_D002_soil_temperature | P6: =CONCATENATE("The datastream containing mesures of field ",B6," by sensor ",F6," which measures ",K6,".") -> The datastream containing mesures of field Demo Field by sensor D002 which measures Soil Temperature.
A7: Demo | B7: Demo Field | C7: Demo sensors in ABI | D7: 8.5643235 | E7: 40.727006 | F7: D003 | G7: A LoRa-enabled controller for managing and controlling IoT devices, facilitating long-range wireless communication. | H7: ST03 | I7: 24e124414b106165 | J7: battery_level | K7: Battery Level | L7: =VLOOKUP($K7,'Property names'!$A$1:$D$99,2,FALSE) -> The percentage of battery level associated to the specific sensor. | M7: =VLOOKUP($K7,'Property names'!$A$1:$D$99,3,FALSE) -> Percentage | N7: =VLOOKUP($K7,'Property names'!$A$1:$D$99,4,FALSE) -> % | O7: =SUBSTITUTE(CONCATENATE(B7,"_",F7,"_",J7)," ","_") -> Demo_Field_D003_battery_level | P7: =CONCATENATE("The datastream containing mesures of field ",B7," by sensor ",F7," which measures ",K7,".") -> The datastream containing mesures of field Demo Field by sensor D003 which measures Battery Level.
A8: Demo | B8: Demo Field | C8: Demo sensors in ABI | D8: 8.5643235 | E8: 40.727006 | F8: D003 | G8: A LoRa-enabled controller for managing and controlling IoT devices, facilitating long-range wireless communication. | H8: ST03 | I8: 24e124414b106165 | J8: valve1_pulse | K8: Flowmeter pulses | L8: =VLOOKUP($K8,'Property names'!$A$1:$D$99,2,FALSE) -> The number of pulses read by flowmeter. Depending on flowmeter configuration it could correspond to a different number of cubic meter of water | M8: =VLOOKUP($K8,'Property names'!$A$1:$D$99,3,FALSE) -> Number of pulses | N8: =VLOOKUP($K8,'Property names'!$A$1:$D$99,4,FALSE) -> N/A | O8: =SUBSTITUTE(CONCATENATE(B8,"_",F8,"_",J8)," ","_") -> Demo_Field_D003_valve1_pulse | P8: =CONCATENATE("The datastream containing mesures of field ",B8," by sensor ",F8," which measures ",K8,".") -> The datastream containing mesures of field Demo Field by sensor D003 which measures Flowmeter pulses.
A9: Demo | B9: Demo Field | C9: Demo sensors in ABI | D9: 8.5643235 | E9: 40.727006 | F9: D003 | G9: A LoRa-enabled controller for managing and controlling IoT devices, facilitating long-range wireless communication. | H9: ST03 | I9: 24e124414b106165 | J9: valve1_status | K9: Valve status | L9: =VLOOKUP($K9,'Property names'!$A$1:$D$99,2,FALSE) -> The current condition of the valve controlled (opened or closed) | M9: =VLOOKUP($K9,'Property names'!$A$1:$D$99,3,FALSE) -> ON / OFF | N9: =VLOOKUP($K9,'Property names'!$A$1:$D$99,4,FALSE) -> N/A | O9: =SUBSTITUTE(CONCATENATE(B9,"_",F9,"_",J9)," ","_") -> Demo_Field_D003_valve1_status | P9: =CONCATENATE("The datastream containing mesures of field ",B9," by sensor ",F9," which measures ",K9,".") -> The datastream containing mesures of field Demo Field by sensor D003 which measures Valve status.
A10: Demo | B10: Demo Field | C10: Demo sensors in ABI | D10: 8.5643235 | E10: 40.727006 | F10: D003 | G10: A LoRa-enabled controller for managing and controlling IoT devices, facilitating long-range wireless communication. | H10: ST03 | I10: 24e124414b106165 | J10: valve2_pulse | K10: Flowmeter pulses | L10: =VLOOKUP($K10,'Property names'!$A$1:$D$99,2,FALSE) -> The number of pulses read by flowmeter. Depending on flowmeter configuration it could correspond to a different number of cubic meter of water | M10: =VLOOKUP($K10,'Property names'!$A$1:$D$99,3,FALSE) -> Number of pulses | N10: =VLOOKUP($K10,'Property names'!$A$1:$D$99,4,FALSE) -> N/A | O10: =SUBSTITUTE(CONCATENATE(B10,"_",F10,"_",J10)," ","_") -> Demo_Field_D003_valve2_pulse | P10: =CONCATENATE("The datastream containing mesures of field ",B10," by sensor ",F10," which measures ",K10,".") -> The datastream containing mesures of field Demo Field by sensor D003 which measures Flowmeter pulses.
A11: Demo | B11: Demo Field | C11: Demo sensors in ABI | D11: 8.5643235 | E11: 40.727006 | F11: D003 | G11: A LoRa-enabled controller for managing and controlling IoT devices, facilitating long-range wireless communication. | H11: ST03 | I11: 24e124414b106165 | J11: valve2_status | K11: Valve status | L11: =VLOOKUP($K11,'Property names'!$A$1:$D$99,2,FALSE) -> The current condition of the valve controlled (opened or closed) | M11: =VLOOKUP($K11,'Property names'!$A$1:$D$99,3,FALSE) -> ON / OFF | N11: =VLOOKUP($K11,'Property names'!$A$1:$D$99,4,FALSE) -> N/A | O11: =SUBSTITUTE(CONCATENATE(B11,"_",F11,"_",J11)," ","_") -> Demo_Field_D003_valve2_status | P11: =CONCATENATE("The datastream containing mesures of field ",B11," by sensor ",F11," which measures ",K11,".") -> The datastream containing mesures of field Demo Field by sensor D003 which measures Valve status.
A12: Demo | B12: Demo Field | C12: Demo sensors in ABI | D12: 8.5643235 | E12: 40.727006 | F12: D004 | G12: An advanced sensor capable of monitoring temperature and moisture at different depths. Useful for agronomic research activities. | H12: ST04 | I12: 3738383962376102 | J12: soil_moisture_1 | K12: Soil Moisture | L12: =VLOOKUP($K12,'Property names'!$A$1:$D$99,2,FALSE) -> The amount of moisture present in the soil, often expressed as a percentage of the maximum amount the soil could hold at a given temperature. | M12: =VLOOKUP($K12,'Property names'!$A$1:$D$99,3,FALSE) -> Percentage | N12: =VLOOKUP($K12,'Property names'!$A$1:$D$99,4,FALSE) -> % | O12: =SUBSTITUTE(CONCATENATE(B12,"_",F12,"_",J12)," ","_") -> Demo_Field_D004_soil_moisture_1 | P12: =CONCATENATE("The datastream containing mesures of field ",B12," by sensor ",F12," which measures ",K12,".") -> The datastream containing mesures of field Demo Field by sensor D004 which measures Soil Moisture.
A13: Demo | B13: Demo Field | C13: Demo sensors in ABI | D13: 8.5643235 | E13: 40.727006 | F13: D004 | G13: An advanced sensor capable of monitoring temperature and moisture at different depths. Useful for agronomic research activities. | H13: ST04 | I13: 3738383962376102 | J13: soil_moisture_2 | K13: Soil Moisture | L13: =VLOOKUP($K13,'Property names'!$A$1:$D$99,2,FALSE) -> The amount of moisture present in the soil, often expressed as a percentage of the maximum amount the soil could hold at a given temperature. | M13: =VLOOKUP($K13,'Property names'!$A$1:$D$99,3,FALSE) -> Percentage | N13: =VLOOKUP($K13,'Property names'!$A$1:$D$99,4,FALSE) -> % | O13: =SUBSTITUTE(CONCATENATE(B13,"_",F13,"_",J13)," ","_") -> Demo_Field_D004_soil_moisture_2 | P13: =CONCATENATE("The datastream containing mesures of field ",B13," by sensor ",F13," which measures ",K13,".") -> The datastream containing mesures of field Demo Field by sensor D004 which measures Soil Moisture.
... A24: Demo | B24: Demo Field | C24: Demo sensors in ABI | D24: 8.5643235 | E24: 40.727006 | F24: D004 | G24: An advanced sensor capable of monitoring temperature and moisture at different depths. Useful for agronomic research activities. | H24: ST04 | I24: 3738383962376102 | J24: soil_temperature_6 | K24: Soil Temperature | L24: =VLOOKUP($K24,'Property names'!$A$1:$D$99,2,FALSE) -> The measure of temperature of the soil. | M24: =VLOOKUP($K24,'Property names'!$A$1:$D$99,3,FALSE) -> Degrees Celsius | N24: =VLOOKUP($K24,'Property names'!$A$1:$D$99,4,FALSE) -> ºC | O24: =SUBSTITUTE(CONCATENATE(B24,"_",F24,"_",J24)," ","_") -> Demo_Field_D004_soil_temperature_6 | P24: =CONCATENATE("The datastream containing mesures of field ",B24," by sensor ",F24," which measures ",K24,".") -> The datastream containing mesures of field Demo Field by sensor D004 which measures Soil Temperature.
A26: Demo | B26: Demo Field | C26: Demo sensors in ABI | D26: 8.5643235 | E26: 40.727006 | F26: D005 | G26: A sensor for counting and transmitting the pulse produced by a flowmeter. | H26: =VLOOKUP(F26,'All sensors Installed'!$A$2:$I$1083,6,) -> ST05 | I26: AC1F09FFFE04E43F | J26: Count | K26: Flowmeter pulses | L26: =VLOOKUP($K26,'Property names'!$A$1:$D$99,2,FALSE) -> The number of pulses read by flowmeter. Depending on flowmeter configuration it could correspond to a different number of cubic meter of water | M26: =VLOOKUP($K26,'Property names'!$A$1:$D$99,3,FALSE) -> Number of pulses | N26: =VLOOKUP($K26,'Property names'!$A$1:$D$99,4,FALSE) -> N/A | O26: =SUBSTITUTE(CONCATENATE(B26,"_",F26,"_",J26)," ","_") -> Demo_Field_D005_Count | P26: =CONCATENATE("The datastream containing mesures of field ",B26," by sensor ",F26," which measures ",K26,".") -> The datastream containing mesures of field Demo Field by sensor D005 which measures Flowmeter pulses.
A27: Demo | B27: Demo Field | C27: Demo sensors in ABI | D27: 8.5643235 | E27: 40.727006 | F27: D005 | G27: A sensor for counting and transmitting the pulse produced by a flowmeter. | H27: =VLOOKUP(F27,'All sensors Installed'!$A$2:$I$1083,6,) -> ST05 | I27: AC1F09FFFE04E43F | J27: Leak | K27: Leak warning | L27: =VLOOKUP($K27,'Property names'!$A$1:$D$99,2,FALSE) -> A warning in case of water leak detected | M27: =VLOOKUP($K27,'Property names'!$A$1:$D$99,3,FALSE) -> True / False | N27: =VLOOKUP($K27,'Property names'!$A$1:$D$99,4,FALSE) -> N/A | O27: =SUBSTITUTE(CONCATENATE(B27,"_",F27,"_",J27)," ","_") -> Demo_Field_D005_Leak | P27: =CONCATENATE("The datastream containing mesures of field ",B27," by sensor ",F27," which measures ",K27,".") -> The datastream containing mesures of field Demo Field by sensor D005 which measures Leak warning.
A29: Italy | B29: Torresan | C29: Sensors owned by UNISS | D29: 8.548472 | E29: 39.77597 | F29: I001 | G29: An advanced sensor capable of monitoring temperature and moisture at different depths. Useful for agronomic research activities. | H29: =VLOOKUP(F29,'All sensors Installed'!$A$2:$K$1083,6,) -> ST04 | I29: =VLOOKUP(F29,'All sensors Installed'!$A$2:$K$1083,11,) -> AC1F09FFFE04E48A | J29: soil_moisture_1 | K29: Soil Moisture | L29: =VLOOKUP($K29,'Property names'!$A$1:$D$99,2,FALSE) -> The amount of moisture present in the soil, often expressed as a percentage of the maximum amount the soil could hold at a given temperature. | M29: =VLOOKUP($K29,'Property names'!$A$1:$D$99,3,FALSE) -> Percentage | N29: =VLOOKUP($K29,'Property names'!$A$1:$D$99,4,FALSE) -> % | O29: =SUBSTITUTE(CONCATENATE(B29,"_",F29,"_",J29)," ","_") -> Torresan_I001_soil_moisture_1 | P29: =CONCATENATE("The datastream containing mesures of field ",B29," by sensor ",F29," which measures ",K29,".") -> The datastream containing mesures of field Torresan by sensor I001 which measures Soil Moisture.
A30: Italy | B30: Torresan | C30: Sensors owned by UNISS | D30: 8.548472 | E30: 39.77597 | F30: I001 | G30: An advanced sensor capable of monitoring temperature and moisture at different depths. Useful for agronomic research activities. | H30: =VLOOKUP(F30,'All sensors Installed'!$A$2:$K$1083,6,) -> ST04 | I30: =VLOOKUP(F30,'All sensors Installed'!$A$2:$K$1083,11,) -> AC1F09FFFE04E48A | J30: soil_moisture_2 | K30: Soil Moisture | L30: =VLOOKUP($K30,'Property names'!$A$1:$D$99,2,FALSE) -> The amount of moisture present in the soil, often expressed as a percentage of the maximum amount the soil could hold at a given temperature. | M30: =VLOOKUP($K30,'Property names'!$A$1:$D$99,3,FALSE) -> Percentage | N30: =VLOOKUP($K30,'Property names'!$A$1:$D$99,4,FALSE) -> % | O30: =SUBSTITUTE(CONCATENATE(B30,"_",F30,"_",J30)," ","_") -> Torresan_I001_soil_moisture_2 | P30: =CONCATENATE("The datastream containing mesures of field ",B30," by sensor ",F30," which measures ",K30,".") -> The datastream containing mesures of field Torresan by sensor I001 which measures Soil Moisture.
A31: Italy | B31: Torresan | C31: Sensors owned by UNISS | D31: 8.548472 | E31: 39.77597 | F31: I001 | G31: An advanced sensor capable of monitoring temperature and moisture at different depths. Useful for agronomic research activities. | H31: =VLOOKUP(F31,'All sensors Installed'!$A$2:$K$1083,6,) -> ST04 | I31: =VLOOKUP(F31,'All sensors Installed'!$A$2:$K$1083,11,) -> AC1F09FFFE04E48A | J31: soil_moisture_3 | K31: Soil Moisture | L31: =VLOOKUP($K31,'Property names'!$A$1:$D$99,2,FALSE) -> The amount of moisture present in the soil, often expressed as a percentage of the maximum amount the soil could hold at a given temperature. | M31: =VLOOKUP($K31,'Property names'!$A$1:$D$99,3,FALSE) -> Percentage | N31: =VLOOKUP($K31,'Property names'!$A$1:$D$99,4,FALSE) -> % | O31: =SUBSTITUTE(CONCATENATE(B31,"_",F31,"_",J31)," ","_") -> Torresan_I001_soil_moisture_3 | P31: =CONCATENATE("The datastream containing mesures of field ",B31," by sensor ",F31," which measures ",K31,".") -> The datastream containing mesures of field Torresan by sensor I001 which measures Soil Moisture.
A32: Italy | B32: Torresan | C32: Sensors owned by UNISS | D32: 8.548472 | E32: 39.77597 | F32: I001 | G32: An advanced sensor capable of monitoring temperature and moisture at different depths. Useful for agronomic research activities. | H32: =VLOOKUP(F32,'All sensors Installed'!$A$2:$K$1083,6,) -> ST04 | I32: =VLOOKUP(F32,'All sensors Installed'!$A$2:$K$1083,11,) -> AC1F09FFFE04E48A | J32: soil_moisture_4 | K32: Soil Moisture | L32: =VLOOKUP($K32,'Property names'!$A$1:$D$99,2,FALSE) -> The amount of moisture present in the soil, often expressed as a percentage of the maximum amount the soil could hold at a given temperature. | M32: =VLOOKUP($K32,'Property names'!$A$1:$D$99,3,FALSE) -> Percentage | N32: =VLOOKUP($K32,'Property names'!$A$1:$D$99,4,FALSE) -> % | O32: =SUBSTITUTE(CONCATENATE(B32,"_",F32,"_",J32)," ","_") -> Torresan_I001_soil_moisture_4 | P32: =CONCATENATE("The datastream containing mesures of field ",B32," by sensor ",F32," which measures ",K32,".") -> The datastream containing mesures of field Torresan by sensor I001 which measures Soil Moisture.
A33: Italy | B33: Torresan | C33: Sensors owned by UNISS | D33: 8.548472 | E33: 39.77597 | F33: I001 | G33: An advanced sensor capable of monitoring temperature and moisture at different depths. Useful for agronomic research activities. | H33: =VLOOKUP(F33,'All sensors Installed'!$A$2:$K$1083,6,) -> ST04 | I33: =VLOOKUP(F33,'All sensors Installed'!$A$2:$K$1083,11,) -> AC1F09FFFE04E48A | J33: soil_moisture_5 | K33: Soil Moisture | L33: =VLOOKUP($K33,'Property names'!$A$1:$D$99,2,FALSE) -> The amount of moisture present in the soil, often expressed as a percentage of the maximum amount the soil could hold at a given temperature. | M33: =VLOOKUP($K33,'Property names'!$A$1:$D$99,3,FALSE) -> Percentage | N33: =VLOOKUP($K33,'Property names'!$A$1:$D$99,4,FALSE) -> % | O33: =SUBSTITUTE(CONCATENATE(B33,"_",F33,"_",J33)," ","_") -> Torresan_I001_soil_moisture_5 | P33: =CONCATENATE("The datastream containing mesures of field ",B33," by sensor ",F33," which measures ",K33,".") -> The datastream containing mesures of field Torresan by sensor I001 which measures Soil Moisture.
A34: Italy | B34: Torresan | C34: Sensors owned by UNISS | D34: 8.548472 | E34: 39.77597 | F34: I001 | G34: An advanced sensor capable of monitoring temperature and moisture at different depths. Useful for agronomic research activities. | H34: =VLOOKUP(F34,'All sensors Installed'!$A$2:$K$1083,6,) -> ST04 | I34: =VLOOKUP(F34,'All sensors Installed'!$A$2:$K$1083,11,) -> AC1F09FFFE04E48A | J34: soil_moisture_6 | K34: Soil Moisture | L34: =VLOOKUP($K34,'Property names'!$A$1:$D$99,2,FALSE) -> The amount of moisture present in the soil, often expressed as a percentage of the maximum amount the soil could hold at a given temperature. | M34: =VLOOKUP($K34,'Property names'!$A$1:$D$99,3,FALSE) -> Percentage | N34: =VLOOKUP($K34,'Property names'!$A$1:$D$99,4,FALSE) -> % | O34: =SUBSTITUTE(CONCATENATE(B34,"_",F34,"_",J34)," ","_") -> Torresan_I001_soil_moisture_6 | P34: =CONCATENATE("The datastream containing mesures of field ",B34," by sensor ",F34," which measures ",K34,".") -> The datastream containing mesures of field Torresan by sensor I001 which measures Soil Moisture.
A35: Italy | B35: Torresan | C35: Sensors owned by UNISS | D35: 8.548472 | E35: 39.77597 | F35: I001 | G35: An advanced sensor capable of monitoring temperature and moisture at different depths. Useful for agronomic research activities. | H35: =VLOOKUP(F35,'All sensors Installed'!$A$2:$K$1083,6,) -> ST04 | I35: =VLOOKUP(F35,'All sensors Installed'!$A$2:$K$1083,11,) -> AC1F09FFFE04E48A | J35: ambient_temperature | K35: Air Temperature | L35: =VLOOKUP($K35,'Property names'!$A$1:$D$99,2,FALSE) -> The measure of the hotness or coldness of the air. | M35: =VLOOKUP($K35,'Property names'!$A$1:$D$99,3,FALSE) -> Degrees Celsius | N35: =VLOOKUP($K35,'Property names'!$A$1:$D$99,4,FALSE) -> ºC | O35: =SUBSTITUTE(CONCATENATE(B35,"_",F35,"_",J35)," ","_") -> Torresan_I001_ambient_temperature | P35: =CONCATENATE("The datastream containing mesures of field ",B35," by sensor ",F35," which measures ",K35,".") -> The datastream containing mesures of field Torresan by sensor I001 which measures Air Temperature.
A36: Italy | B36: Torresan | C36: Sensors owned by UNISS | D36: 8.548472 | E36: 39.77597 | F36: I001 | G36: An advanced sensor capable of monitoring temperature and moisture at different depths. Useful for agronomic research activities. | H36: =VLOOKUP(F36,'All sensors Installed'!$A$2:$K$1083,6,) -> ST04 | I36: =VLOOKUP(F36,'All sensors Installed'!$A$2:$K$1083,11,) -> AC1F09FFFE04E48A | J36: soil_temperature_1 | K36: Soil Temperature | L36: =VLOOKUP($K36,'Property names'!$A$1:$D$99,2,FALSE) -> The measure of temperature of the soil. | M36: =VLOOKUP($K36,'Property names'!$A$1:$D$99,3,FALSE) -> Degrees Celsius | N36: =VLOOKUP($K36,'Property names'!$A$1:$D$99,4,FALSE) -> ºC | O36: =SUBSTITUTE(CONCATENATE(B36,"_",F36,"_",J36)," ","_") -> Torresan_I001_soil_temperature_1 | P36: =CONCATENATE("The datastream containing mesures of field ",B36," by sensor ",F36," which measures ",K36,".") -> The datastream containing mesures of field Torresan by sensor I001 which measures Soil Temperature.
A37: Italy | B37: Torresan | C37: Sensors owned by UNISS | D37: 8.548472 | E37: 39.77597 | F37: I001 | G37: An advanced sensor capable of monitoring temperature and moisture at different depths. Useful for agronomic research activities. | H37: =VLOOKUP(F37,'All sensors Installed'!$A$2:$K$1083,6,) -> ST04 | I37: =VLOOKUP(F37,'All sensors Installed'!$A$2:$K$1083,11,) -> AC1F09FFFE04E48A | J37: soil_temperature_2 | K37: Soil Temperature | L37: =VLOOKUP($K37,'Property names'!$A$1:$D$99,2,FALSE) -> The measure of temperature of the soil. | M37: =VLOOKUP($K37,'Property names'!$A$1:$D$99,3,FALSE) -> Degrees Celsius | N37: =VLOOKUP($K37,'Property names'!$A$1:$D$99,4,FALSE) -> ºC | O37: =SUBSTITUTE(CONCATENATE(B37,"_",F37,"_",J37)," ","_") -> Torresan_I001_soil_temperature_2 | P37: =CONCATENATE("The datastream containing mesures of field ",B37," by sensor ",F37," which measures ",K37,".") -> The datastream containing mesures of field Torresan by sensor I001 which measures Soil Temperature.
A38: Italy | B38: Torresan | C38: Sensors owned by UNISS | D38: 8.548472 | E38: 39.77597 | F38: I001 | G38: An advanced sensor capable of monitoring temperature and moisture at different depths. Useful for agronomic research activities. | H38: =VLOOKUP(F38,'All sensors Installed'!$A$2:$K$1083,6,) -> ST04 | I38: =VLOOKUP(F38,'All sensors Installed'!$A$2:$K$1083,11,) -> AC1F09FFFE04E48A | J38: soil_temperature_3 | K38: Soil Temperature | L38: =VLOOKUP($K38,'Property names'!$A$1:$D$99,2,FALSE) -> The measure of temperature of the soil. | M38: =VLOOKUP($K38,'Property names'!$A$1:$D$99,3,FALSE) -> Degrees Celsius | N38: =VLOOKUP($K38,'Property names'!$A$1:$D$99,4,FALSE) -> ºC | O38: =SUBSTITUTE(CONCATENATE(B38,"_",F38,"_",J38)," ","_") -> Torresan_I001_soil_temperature_3 | P38: =CONCATENATE("The datastream containing mesures of field ",B38," by sensor ",F38," which measures ",K38,".") -> The datastream containing mesures of field Torresan by sensor I001 which measures Soil Temperature.
A39: Italy | B39: Torresan | C39: Sensors owned by UNISS | D39: 8.548472 | E39: 39.77597 | F39: I001 | G39: An advanced sensor capable of monitoring temperature and moisture at different depths. Useful for agronomic research activities. | H39: =VLOOKUP(F39,'All sensors Installed'!$A$2:$K$1083,6,) -> ST04 | I39: =VLOOKUP(F39,'All sensors Installed'!$A$2:$K$1083,11,) -> AC1F09FFFE04E48A | J39: soil_temperature_4 | K39: Soil Temperature | L39: =VLOOKUP($K39,'Property names'!$A$1:$D$99,2,FALSE) -> The measure of temperature of the soil. | M39: =VLOOKUP($K39,'Property names'!$A$1:$D$99,3,FALSE) -> Degrees Celsius | N39: =VLOOKUP($K39,'Property names'!$A$1:$D$99,4,FALSE) -> ºC | O39: =SUBSTITUTE(CONCATENATE(B39,"_",F39,"_",J39)," ","_") -> Torresan_I001_soil_temperature_4 | P39: =CONCATENATE("The datastream containing mesures of field ",B39," by sensor ",F39," which measures ",K39,".") -> The datastream containing mesures of field Torresan by sensor I001 which measures Soil Temperature.
A40: Italy | B40: Torresan | C40: Sensors owned by UNISS | D40: 8.548472 | E40: 39.77597 | F40: I001 | G40: An advanced sensor capable of monitoring temperature and moisture at different depths. Useful for agronomic research activities. | H40: =VLOOKUP(F40,'All sensors Installed'!$A$2:$K$1083,6,) -> ST04 | I40: =VLOOKUP(F40,'All sensors Installed'!$A$2:$K$1083,11,) -> AC1F09FFFE04E48A | J40: soil_temperature_5 | K40: Soil Temperature | L40: =VLOOKUP($K40,'Property names'!$A$1:$D$99,2,FALSE) -> The measure of temperature of the soil. | M40: =VLOOKUP($K40,'Property names'!$A$1:$D$99,3,FALSE) -> Degrees Celsius | N40: =VLOOKUP($K40,'Property names'!$A$1:$D$99,4,FALSE) -> ºC | O40: =SUBSTITUTE(CONCATENATE(B40,"_",F40,"_",J40)," ","_") -> Torresan_I001_soil_temperature_5 | P40: =CONCATENATE("The datastream containing mesures of field ",B40," by sensor ",F40," which measures ",K40,".") -> The datastream containing mesures of field Torresan by sensor I001 which measures Soil Temperature.
... A132: Italy | B132: Mazzacaddeo | C132: Sensors owned by UNISS | D132: 8.680194 | E132: 39.94869 | F132: I008 | G132: An advanced sensor capable of monitoring temperature and moisture at different depths. Useful for agronomic research activities. | H132: =VLOOKUP(F132,'All sensors Installed'!$A$2:$K$1083,6,) -> ST04 | I132: =VLOOKUP(F132,'All sensors Installed'!$A$2:$K$1083,11,) -> AC1F09FFFE04E2CB | J132: soil_temperature_6 | K132: Soil Temperature | L132: =VLOOKUP($K132,'Property names'!$A$1:$D$99,2,FALSE) -> The measure of temperature of the soil. | M132: =VLOOKUP($K132,'Property names'!$A$1:$D$99,3,FALSE) -> Degrees Celsius | N132: =VLOOKUP($K132,'Property names'!$A$1:$D$99,4,FALSE) -> ºC | O132: =SUBSTITUTE(CONCATENATE(B132,"_",F132,"_",J132)," ","_") -> Mazzacaddeo_I008_soil_temperature_6 | P132: =CONCATENATE("The datastream containing mesures of field ",B132," by sensor ",F132," which measures ",K132,".") -> The datastream containing mesures of field Mazzacaddeo by sensor I008 which measures Soil Temperature.
A133: Italy | C133: Sensors owned by UNISS | F133: I009 | G133: An advanced sensor capable of monitoring temperature and moisture at different depths. Useful for agronomic research activities. | H133: =VLOOKUP(F133,'All sensors Installed'!$A$2:$K$1083,6,) -> ST04 | I133: =VLOOKUP(F133,'All sensors Installed'!$A$2:$K$1083,11,) -> AC1F09FFFE04E240 | J133: soil_moisture_1 | K133: Soil Moisture | L133: =VLOOKUP($K133,'Property names'!$A$1:$D$99,2,FALSE) -> The amount of moisture present in the soil, often expressed as a percentage of the maximum amount the soil could hold at a given temperature. | M133: =VLOOKUP($K133,'Property names'!$A$1:$D$99,3,FALSE) -> Percentage | N133: =VLOOKUP($K133,'Property names'!$A$1:$D$99,4,FALSE) -> % | O133: =SUBSTITUTE(CONCATENATE(B133,"_",F133,"_",J133)," ","_") -> _I009_soil_moisture_1 | P133: =CONCATENATE("The datastream containing mesures of field ",B133," by sensor ",F133," which measures ",K133,".") -> The datastream containing mesures of field by sensor I009 which measures Soil Moisture.
A134: Italy | C134: Sensors owned by UNISS | F134: I009 | G134: An advanced sensor capable of monitoring temperature and moisture at different depths. Useful for agronomic research activities. | H134: =VLOOKUP(F134,'All sensors Installed'!$A$2:$K$1083,6,) -> ST04 | I134: =VLOOKUP(F134,'All sensors Installed'!$A$2:$K$1083,11,) -> AC1F09FFFE04E240 | J134: soil_moisture_2 | K134: Soil Moisture | L134: =VLOOKUP($K134,'Property names'!$A$1:$D$99,2,FALSE) -> The amount of moisture present in the soil, often expressed as a percentage of the maximum amount the soil could hold at a given temperature. | M134: =VLOOKUP($K134,'Property names'!$A$1:$D$99,3,FALSE) -> Percentage | N134: =VLOOKUP($K134,'Property names'!$A$1:$D$99,4,FALSE) -> % | O134: =SUBSTITUTE(CONCATENATE(B134,"_",F134,"_",J134)," ","_") -> _I009_soil_moisture_2 | P134: =CONCATENATE("The datastream containing mesures of field ",B134," by sensor ",F134," which measures ",K134,".") -> The datastream containing mesures of field by sensor I009 which measures Soil Moisture.
A135: Italy | C135: Sensors owned by UNISS | F135: I009 | G135: An advanced sensor capable of monitoring temperature and moisture at different depths. Useful for agronomic research activities. | H135: =VLOOKUP(F135,'All sensors Installed'!$A$2:$K$1083,6,) -> ST04 | I135: =VLOOKUP(F135,'All sensors Installed'!$A$2:$K$1083,11,) -> AC1F09FFFE04E240 | J135: soil_moisture_3 | K135: Soil Moisture | L135: =VLOOKUP($K135,'Property names'!$A$1:$D$99,2,FALSE) -> The amount of moisture present in the soil, often expressed as a percentage of the maximum amount the soil could hold at a given temperature. | M135: =VLOOKUP($K135,'Property names'!$A$1:$D$99,3,FALSE) -> Percentage | N135: =VLOOKUP($K135,'Property names'!$A$1:$D$99,4,FALSE) -> % | O135: =SUBSTITUTE(CONCATENATE(B135,"_",F135,"_",J135)," ","_") -> _I009_soil_moisture_3 | P135: =CONCATENATE("The datastream containing mesures of field ",B135," by sensor ",F135," which measures ",K135,".") -> The datastream containing mesures of field by sensor I009 which measures Soil Moisture.
A136: Italy | C136: Sensors owned by UNISS | F136: I009 | G136: An advanced sensor capable of monitoring temperature and moisture at different depths. Useful for agronomic research activities. | H136: =VLOOKUP(F136,'All sensors Installed'!$A$2:$K$1083,6,) -> ST04 | I136: =VLOOKUP(F136,'All sensors Installed'!$A$2:$K$1083,11,) -> AC1F09FFFE04E240 | J136: soil_moisture_4 | K136: Soil Moisture | L136: =VLOOKUP($K136,'Property names'!$A$1:$D$99,2,FALSE) -> The amount of moisture present in the soil, often expressed as a percentage of the maximum amount the soil could hold at a given temperature. | M136: =VLOOKUP($K136,'Property names'!$A$1:$D$99,3,FALSE) -> Percentage | N136: =VLOOKUP($K136,'Property names'!$A$1:$D$99,4,FALSE) -> % | O136: =SUBSTITUTE(CONCATENATE(B136,"_",F136,"_",J136)," ","_") -> _I009_soil_moisture_4 | P136: =CONCATENATE("The datastream containing mesures of field ",B136," by sensor ",F136," which measures ",K136,".") -> The datastream containing mesures of field by sensor I009 which measures Soil Moisture.
A137: Italy | C137: Sensors owned by UNISS | F137: I009 | G137: An advanced sensor capable of monitoring temperature and moisture at different depths. Useful for agronomic research activities. | H137: =VLOOKUP(F137,'All sensors Installed'!$A$2:$K$1083,6,) -> ST04 | I137: =VLOOKUP(F137,'All sensors Installed'!$A$2:$K$1083,11,) -> AC1F09FFFE04E240 | J137: soil_moisture_5 | K137: Soil Moisture | L137: =VLOOKUP($K137,'Property names'!$A$1:$D$99,2,FALSE) -> The amount of moisture present in the soil, often expressed as a percentage of the maximum amount the soil could hold at a given temperature. | M137: =VLOOKUP($K137,'Property names'!$A$1:$D$99,3,FALSE) -> Percentage | N137: =VLOOKUP($K137,'Property names'!$A$1:$D$99,4,FALSE) -> % | O137: =SUBSTITUTE(CONCATENATE(B137,"_",F137,"_",J137)," ","_") -> _I009_soil_moisture_5 | P137: =CONCATENATE("The datastream containing mesures of field ",B137," by sensor ",F137," which measures ",K137,".") -> The datastream containing mesures of field by sensor I009 which measures Soil Moisture.
A138: Italy | C138: Sensors owned by UNISS | F138: I009 | G138: An advanced sensor capable of monitoring temperature and moisture at different depths. Useful for agronomic research activities. | H138: =VLOOKUP(F138,'All sensors Installed'!$A$2:$K$1083,6,) -> ST04 | I138: =VLOOKUP(F138,'All sensors Installed'!$A$2:$K$1083,11,) -> AC1F09FFFE04E240 | J138: soil_moisture_6 | K138: Soil Moisture | L138: =VLOOKUP($K138,'Property names'!$A$1:$D$99,2,FALSE) -> The amount of moisture present in the soil, often expressed as a percentage of the maximum amount the soil could hold at a given temperature. | M138: =VLOOKUP($K138,'Property names'!$A$1:$D$99,3,FALSE) -> Percentage | N138: =VLOOKUP($K138,'Property names'!$A$1:$D$99,4,FALSE) -> % | O138: =SUBSTITUTE(CONCATENATE(B138,"_",F138,"_",J138)," ","_") -> _I009_soil_moisture_6 | P138: =CONCATENATE("The datastream containing mesures of field ",B138," by sensor ",F138," which measures ",K138,".") -> The datastream containing mesures of field by sensor I009 which measures Soil Moisture.
A139: Italy | C139: Sensors owned by UNISS | F139: I009 | G139: An advanced sensor capable of monitoring temperature and moisture at different depths. Useful for agronomic research activities. | H139: =VLOOKUP(F139,'All sensors Installed'!$A$2:$K$1083,6,) -> ST04 | I139: =VLOOKUP(F139,'All sensors Installed'!$A$2:$K$1083,11,) -> AC1F09FFFE04E240 | J139: ambient_temperature | K139: Air Temperature | L139: =VLOOKUP($K139,'Property names'!$A$1:$D$99,2,FALSE) -> The measure of the hotness or coldness of the air. | M139: =VLOOKUP($K139,'Property names'!$A$1:$D$99,3,FALSE) -> Degrees Celsius | N139: =VLOOKUP($K139,'Property names'!$A$1:$D$99,4,FALSE) -> ºC | O139: =SUBSTITUTE(CONCATENATE(B139,"_",F139,"_",J139)," ","_") -> _I009_ambient_temperature | P139: =CONCATENATE("The datastream containing mesures of field ",B139," by sensor ",F139," which measures ",K139,".") -> The datastream containing mesures of field by sensor I009 which measures Air Temperature.
A140: Italy | C140: Sensors owned by UNISS | F140: I009 | G140: An advanced sensor capable of monitoring temperature and moisture at different depths. Useful for agronomic research activities. | H140: =VLOOKUP(F140,'All sensors Installed'!$A$2:$K$1083,6,) -> ST04 | I140: =VLOOKUP(F140,'All sensors Installed'!$A$2:$K$1083,11,) -> AC1F09FFFE04E240 | J140: soil_temperature_1 | K140: Soil Temperature | L140: =VLOOKUP($K140,'Property names'!$A$1:$D$99,2,FALSE) -> The measure of temperature of the soil. | M140: =VLOOKUP($K140,'Property names'!$A$1:$D$99,3,FALSE) -> Degrees Celsius | N140: =VLOOKUP($K140,'Property names'!$A$1:$D$99,4,FALSE) -> ºC | O140: =SUBSTITUTE(CONCATENATE(B140,"_",F140,"_",J140)," ","_") -> _I009_soil_temperature_1 | P140: =CONCATENATE("The datastream containing mesures of field ",B140," by sensor ",F140," which measures ",K140,".") -> The datastream containing mesures of field by sensor I009 which measures Soil Temperature.
A141: Italy | C141: Sensors owned by UNISS | F141: I009 | G141: An advanced sensor capable of monitoring temperature and moisture at different depths. Useful for agronomic research activities. | H141: =VLOOKUP(F141,'All sensors Installed'!$A$2:$K$1083,6,) -> ST04 | I141: =VLOOKUP(F141,'All sensors Installed'!$A$2:$K$1083,11,) -> AC1F09FFFE04E240 | J141: soil_temperature_2 | K141: Soil Temperature | L141: =VLOOKUP($K141,'Property names'!$A$1:$D$99,2,FALSE) -> The measure of temperature of the soil. | M141: =VLOOKUP($K141,'Property names'!$A$1:$D$99,3,FALSE) -> Degrees Celsius | N141: =VLOOKUP($K141,'Property names'!$A$1:$D$99,4,FALSE) -> ºC | O141: =SUBSTITUTE(CONCATENATE(B141,"_",F141,"_",J141)," ","_") -> _I009_soil_temperature_2 | P141: =CONCATENATE("The datastream containing mesures of field ",B141," by sensor ",F141," which measures ",K141,".") -> The datastream containing mesures of field by sensor I009 which measures Soil Temperature.
A142: Italy | C142: Sensors owned by UNISS | F142: I009 | G142: An advanced sensor capable of monitoring temperature and moisture at different depths. Useful for agronomic research activities. | H142: =VLOOKUP(F142,'All sensors Installed'!$A$2:$K$1083,6,) -> ST04 | I142: =VLOOKUP(F142,'All sensors Installed'!$A$2:$K$1083,11,) -> AC1F09FFFE04E240 | J142: soil_temperature_3 | K142: Soil Temperature | L142: =VLOOKUP($K142,'Property names'!$A$1:$D$99,2,FALSE) -> The measure of temperature of the soil. | M142: =VLOOKUP($K142,'Property names'!$A$1:$D$99,3,FALSE) -> Degrees Celsius | N142: =VLOOKUP($K142,'Property names'!$A$1:$D$99,4,FALSE) -> ºC | O142: =SUBSTITUTE(CONCATENATE(B142,"_",F142,"_",J142)," ","_") -> _I009_soil_temperature_3 | P142: =CONCATENATE("The datastream containing mesures of field ",B142," by sensor ",F142," which measures ",K142,".") -> The datastream containing mesures of field by sensor I009 which measures Soil Temperature.
A143: Italy | C143: Sensors owned by UNISS | F143: I009 | G143: An advanced sensor capable of monitoring temperature and moisture at different depths. Useful for agronomic research activities. | H143: =VLOOKUP(F143,'All sensors Installed'!$A$2:$K$1083,6,) -> ST04 | I143: =VLOOKUP(F143,'All sensors Installed'!$A$2:$K$1083,11,) -> AC1F09FFFE04E240 | J143: soil_temperature_4 | K143: Soil Temperature | L143: =VLOOKUP($K143,'Property names'!$A$1:$D$99,2,FALSE) -> The measure of temperature of the soil. | M143: =VLOOKUP($K143,'Property names'!$A$1:$D$99,3,FALSE) -> Degrees Celsius | N143: =VLOOKUP($K143,'Property names'!$A$1:$D$99,4,FALSE) -> ºC | O143: =SUBSTITUTE(CONCATENATE(B143,"_",F143,"_",J143)," ","_") -> _I009_soil_temperature_4 | P143: =CONCATENATE("The datastream containing mesures of field ",B143," by sensor ",F143," which measures ",K143,".") -> The datastream containing mesures of field by sensor I009 which measures Soil Temperature.
A144: Italy | C144: Sensors owned by UNISS | F144: I009 | G144: An advanced sensor capable of monitoring temperature and moisture at different depths. Useful for agronomic research activities. | H144: =VLOOKUP(F144,'All sensors Installed'!$A$2:$K$1083,6,) -> ST04 | I144: =VLOOKUP(F144,'All sensors Installed'!$A$2:$K$1083,11,) -> AC1F09FFFE04E240 | J144: soil_temperature_5 | K144: Soil Temperature | L144: =VLOOKUP($K144,'Property names'!$A$1:$D$99,2,FALSE) -> The measure of temperature of the soil. | M144: =VLOOKUP($K144,'Property names'!$A$1:$D$99,3,FALSE) -> Degrees Celsius | N144: =VLOOKUP($K144,'Property names'!$A$1:$D$99,4,FALSE) -> ºC | O144: =SUBSTITUTE(CONCATENATE(B144,"_",F144,"_",J144)," ","_") -> _I009_soil_temperature_5 | P144: =CONCATENATE("The datastream containing mesures of field ",B144," by sensor ",F144," which measures ",K144,".") -> The datastream containing mesures of field by sensor I009 which measures Soil Temperature.
... A158: Italy | C158: Sensors owned by UNISS | F158: I010 | G158: An advanced sensor capable of monitoring temperature and moisture at different depths. Useful for agronomic research activities. | H158: =VLOOKUP(F158,'All sensors Installed'!$A$2:$K$1083,6,) -> ST04 | I158: =VLOOKUP(F158,'All sensors Installed'!$A$2:$K$1083,11,) -> AC1F09FFFE04E312 | J158: soil_temperature_6 | K158: Soil Temperature | L158: =VLOOKUP($K158,'Property names'!$A$1:$D$99,2,FALSE) -> The measure of temperature of the soil. | M158: =VLOOKUP($K158,'Property names'!$A$1:$D$99,3,FALSE) -> Degrees Celsius | N158: =VLOOKUP($K158,'Property names'!$A$1:$D$99,4,FALSE) -> ºC | O158: =SUBSTITUTE(CONCATENATE(B158,"_",F158,"_",J158)," ","_") -> _I010_soil_temperature_6 | P158: =CONCATENATE("The datastream containing mesures of field ",B158," by sensor ",F158," which measures ",K158,".") -> The datastream containing mesures of field by sensor I010 which measures Soil Temperature.
A160: Italy | C160: Sensors owned by UNISS | F160: I011 | G160: Flussimeter | J160: prev_eod_read | L160: =VLOOKUP($K160,'Property names'!$A$1:$D$99,2,FALSE) -> #N/A | M160: =VLOOKUP($K160,'Property names'!$A$1:$D$99,3,FALSE) -> #N/A | N160: =VLOOKUP($K160,'Property names'!$A$1:$D$99,4,FALSE) -> #N/A
J161: prev_base_read | L161: =VLOOKUP($K161,'Property names'!$A$1:$D$99,2,FALSE) -> #N/A | M161: =VLOOKUP($K161,'Property names'!$A$1:$D$99,3,FALSE) -> #N/A | N161: =VLOOKUP($K161,'Property names'!$A$1:$D$99,4,FALSE) -> #N/A
J162: delta_read_1 | L162: =VLOOKUP($K162,'Property names'!$A$1:$D$99,2,FALSE) -> #N/A | M162: =VLOOKUP($K162,'Property names'!$A$1:$D$99,3,FALSE) -> #N/A | N162: =VLOOKUP($K162,'Property names'!$A$1:$D$99,4,FALSE) -> #N/A
J163: delta_read_2 | L163: =VLOOKUP($K163,'Property names'!$A$1:$D$99,2,FALSE) -> #N/A | M163: =VLOOKUP($K163,'Property names'!$A$1:$D$99,3,FALSE) -> #N/A | N163: =VLOOKUP($K163,'Property names'!$A$1:$D$99,4,FALSE) -> #N/A
J164: delta_read_3 | L164: =VLOOKUP($K164,'Property names'!$A$1:$D$99,2,FALSE) -> #N/A | M164: =VLOOKUP($K164,'Property names'!$A$1:$D$99,3,FALSE) -> #N/A | N164: =VLOOKUP($K164,'Property names'!$A$1:$D$99,4,FALSE) -> #N/A
J165: delta_read_4 | L165: =VLOOKUP($K165,'Property names'!$A$1:$D$99,2,FALSE) -> #N/A | M165: =VLOOKUP($K165,'Property names'!$A$1:$D$99,3,FALSE) -> #N/A | N165: =VLOOKUP($K165,'Property names'!$A$1:$D$99,4,FALSE) -> #N/A
J166: delta_read_5 | L166: =VLOOKUP($K166,'Property names'!$A$1:$D$99,2,FALSE) -> #N/A | M166: =VLOOKUP($K166,'Property names'!$A$1:$D$99,3,FALSE) -> #N/A | N166: =VLOOKUP($K166,'Property names'!$A$1:$D$99,4,FALSE) -> #N/A
J167: delta_read_6 | L167: =VLOOKUP($K167,'Property names'!$A$1:$D$99,2,FALSE) -> #N/A | M167: =VLOOKUP($K167,'Property names'!$A$1:$D$99,3,FALSE) -> #N/A | N167: =VLOOKUP($K167,'Property names'!$A$1:$D$99,4,FALSE) -> #N/A
J168: delta_read_7 | L168: =VLOOKUP($K168,'Property names'!$A$1:$D$99,2,FALSE) -> #N/A | M168: =VLOOKUP($K168,'Property names'!$A$1:$D$99,3,FALSE) -> #N/A | N168: =VLOOKUP($K168,'Property names'!$A$1:$D$99,4,FALSE) -> #N/A
J169: delta_read_8 | L169: =VLOOKUP($K169,'Property names'!$A$1:$D$99,2,FALSE) -> #N/A | M169: =VLOOKUP($K169,'Property names'!$A$1:$D$99,3,FALSE) -> #N/A | N169: =VLOOKUP($K169,'Property names'!$A$1:$D$99,4,FALSE) -> #N/A
J170: delta_read_9 | L170: =VLOOKUP($K170,'Property names'!$A$1:$D$99,2,FALSE) -> #N/A | M170: =VLOOKUP($K170,'Property names'!$A$1:$D$99,3,FALSE) -> #N/A | N170: =VLOOKUP($K170,'Property names'!$A$1:$D$99,4,FALSE) -> #N/A
J171: delta_read_10 | L171: =VLOOKUP($K171,'Property names'!$A$1:$D$99,2,FALSE) -> #N/A | M171: =VLOOKUP($K171,'Property names'!$A$1:$D$99,3,FALSE) -> #N/A | N171: =VLOOKUP($K171,'Property names'!$A$1:$D$99,4,FALSE) -> #N/A
J172: delta_read_11 | L172: =VLOOKUP($K172,'Property names'!$A$1:$D$99,2,FALSE) -> #N/A | M172: =VLOOKUP($K172,'Property names'!$A$1:$D$99,3,FALSE) -> #N/A | N172: =VLOOKUP($K172,'Property names'!$A$1:$D$99,4,FALSE) -> #N/A
A174: Jordan | B174: z6-19947 | C174: Weather station in Jordan managed with ZentraCloud | D174: 35.617547 | E174: 32.190469 | F174: z6-19947 | G174: A weather station in Jordan obtaining data from multiple sources | H174: STATION | I174: - | J174: Air Temperature | K174: Air Temperature | L174: =VLOOKUP($K174,'Property names'!$A$1:$D$99,2,FALSE) -> The measure of the hotness or coldness of the air. | M174: =VLOOKUP($K174,'Property names'!$A$1:$D$99,3,FALSE) -> Degrees Celsius | N174: =VLOOKUP($K174,'Property names'!$A$1:$D$99,4,FALSE) -> ºC | O174: =SUBSTITUTE(CONCATENATE(B174,"_",F174,"_",J174)," ","_") -> z6-19947_z6-19947_Air_Temperature | P174: =CONCATENATE("The datastream containing mesures of field ",B174," by sensor ",F174," which measures ",K174,".") -> The datastream containing mesures of field z6-19947 by sensor z6-19947 which measures Air Temperature.
A175: Jordan | B175: z6-19947 | C175: Weather station in Jordan managed with ZentraCloud | D175: 35.617547 | E175: 32.190469 | F175: z6-19947 | G175: A weather station in Jordan obtaining data from multiple sources | H175: STATION | I175: - | J175: Atmospheric Pressure | K175: Atmospheric Pressure | L175: =VLOOKUP($K175,'Property names'!$A$1:$D$99,2,FALSE) -> The force exerted by the weight of the air above a given point on Earth's surface, which can vary with changes in weather and altitude. | M175: =VLOOKUP($K175,'Property names'!$A$1:$D$99,3,FALSE) -> Kilopascal | N175: =VLOOKUP($K175,'Property names'!$A$1:$D$99,4,FALSE) -> kPa | O175: =SUBSTITUTE(CONCATENATE(B175,"_",F175,"_",J175)," ","_") -> z6-19947_z6-19947_Atmospheric_Pressure | P175: =CONCATENATE("The datastream containing mesures of field ",B175," by sensor ",F175," which measures ",K175,".") -> The datastream containing mesures of field z6-19947 by sensor z6-19947 which measures Atmospheric Pressure.
A176: Jordan | B176: z6-19947 | C176: Weather station in Jordan managed with ZentraCloud | D176: 35.617547 | E176: 32.190469 | F176: z6-19947 | G176: A weather station in Jordan obtaining data from multiple sources | H176: STATION | I176: - | J176: Battery Percent | K176: Battery Level | L176: =VLOOKUP($K176,'Property names'!$A$1:$D$99,2,FALSE) -> The percentage of battery level associated to the specific sensor. | M176: =VLOOKUP($K176,'Property names'!$A$1:$D$99,3,FALSE) -> Percentage | N176: =VLOOKUP($K176,'Property names'!$A$1:$D$99,4,FALSE) -> % | O176: =SUBSTITUTE(CONCATENATE(B176,"_",F176,"_",J176)," ","_") -> z6-19947_z6-19947_Battery_Percent | P176: =CONCATENATE("The datastream containing mesures of field ",B176," by sensor ",F176," which measures ",K176,".") -> The datastream containing mesures of field z6-19947 by sensor z6-19947 which measures Battery Level.
A177: Jordan | B177: z6-19947 | C177: Weather station in Jordan managed with ZentraCloud | D177: 35.617547 | E177: 32.190469 | F177: z6-19947 | G177: A weather station in Jordan obtaining data from multiple sources | H177: STATION | I177: - | J177: Battery Voltage | K177: Battery Voltage | L177: =VLOOKUP($K177,'Property names'!$A$1:$D$99,2,FALSE) -> The electrical potential in a battery, indicating its charge level. | M177: =VLOOKUP($K177,'Property names'!$A$1:$D$99,3,FALSE) -> Millivolts | N177: =VLOOKUP($K177,'Property names'!$A$1:$D$99,4,FALSE) -> mV | O177: =SUBSTITUTE(CONCATENATE(B177,"_",F177,"_",J177)," ","_") -> z6-19947_z6-19947_Battery_Voltage | P177: =CONCATENATE("The datastream containing mesures of field ",B177," by sensor ",F177," which measures ",K177,".") -> The datastream containing mesures of field z6-19947 by sensor z6-19947 which measures Battery Voltage.
A178: Jordan | B178: z6-19947 | C178: Weather station in Jordan managed with ZentraCloud | D178: 35.617547 | E178: 32.190469 | F178: z6-19947 | G178: A weather station in Jordan obtaining data from multiple sources | H178: STATION | I178: - | J178: Gust Speed | K178: Gust Speed | L178: =VLOOKUP($K178,'Property names'!$A$1:$D$99,2,FALSE) -> The maximum sudden burst of wind speed. | M178: =VLOOKUP($K178,'Property names'!$A$1:$D$99,3,FALSE) -> Meters per second | N178: =VLOOKUP($K178,'Property names'!$A$1:$D$99,4,FALSE) -> m/s | O178: =SUBSTITUTE(CONCATENATE(B178,"_",F178,"_",J178)," ","_") -> z6-19947_z6-19947_Gust_Speed | P178: =CONCATENATE("The datastream containing mesures of field ",B178," by sensor ",F178," which measures ",K178,".") -> The datastream containing mesures of field z6-19947 by sensor z6-19947 which measures Gust Speed.
A179: Jordan | B179: z6-19947 | C179: Weather station in Jordan managed with ZentraCloud | D179: 35.617547 | E179: 32.190469 | F179: z6-19947 | G179: A weather station in Jordan obtaining data from multiple sources | H179: STATION | I179: - | J179: Lightning Activity | K179: Lightning Activity | L179: =VLOOKUP($K179,'Property names'!$A$1:$D$99,2,FALSE) -> The occurrence of electrical discharges in the atmosphere, typically during thunderstorms. | M179: =VLOOKUP($K179,'Property names'!$A$1:$D$99,3,FALSE) -> N/A | N179: =VLOOKUP($K179,'Property names'!$A$1:$D$99,4,FALSE) -> N/A | O179: =SUBSTITUTE(CONCATENATE(B179,"_",F179,"_",J179)," ","_") -> z6-19947_z6-19947_Lightning_Activity | P179: =CONCATENATE("The datastream containing mesures of field ",B179," by sensor ",F179," which measures ",K179,".") -> The datastream containing mesures of field z6-19947 by sensor z6-19947 which measures Lightning Activity.
A180: Jordan | B180: z6-19947 | C180: Weather station in Jordan managed with ZentraCloud | D180: 35.617547 | E180: 32.190469 | F180: z6-19947 | G180: A weather station in Jordan obtaining data from multiple sources | H180: STATION | I180: - | J180: Lightning Distance | K180: Lightning Distance | L180: =VLOOKUP($K180,'Property names'!$A$1:$D$99,2,FALSE) -> The distance from a location to the nearest lightning strike. | M180: =VLOOKUP($K180,'Property names'!$A$1:$D$99,3,FALSE) -> Kilometers | N180: =VLOOKUP($K180,'Property names'!$A$1:$D$99,4,FALSE) -> km | O180: =SUBSTITUTE(CONCATENATE(B180,"_",F180,"_",J180)," ","_") -> z6-19947_z6-19947_Lightning_Distance | P180: =CONCATENATE("The datastream containing mesures of field ",B180," by sensor ",F180," which measures ",K180,".") -> The datastream containing mesures of field z6-19947 by sensor z6-19947 which measures Lightning Distance.
A181: Jordan | B181: z6-19947 | C181: Weather station in Jordan managed with ZentraCloud | D181: 35.617547 | E181: 32.190469 | F181: z6-19947 | G181: A weather station in Jordan obtaining data from multiple sources | H181: STATION | I181: - | J181: Logger Temperature | K181: Logger Temperature | L181: =VLOOKUP($K181,'Property names'!$A$1:$D$99,2,FALSE) -> The temperature measured by a data logger or recording device. | M181: =VLOOKUP($K181,'Property names'!$A$1:$D$99,3,FALSE) -> Degrees Celsius | N181: =VLOOKUP($K181,'Property names'!$A$1:$D$99,4,FALSE) -> ºC | O181: =SUBSTITUTE(CONCATENATE(B181,"_",F181,"_",J181)," ","_") -> z6-19947_z6-19947_Logger_Temperature | P181: =CONCATENATE("The datastream containing mesures of field ",B181," by sensor ",F181," which measures ",K181,".") -> The datastream containing mesures of field z6-19947 by sensor z6-19947 which measures Logger Temperature.
A182: Jordan | B182: z6-19947 | C182: Weather station in Jordan managed with ZentraCloud | D182: 35.617547 | E182: 32.190469 | F182: z6-19947 | G182: A weather station in Jordan obtaining data from multiple sources | H182: STATION | I182: - | J182: Max Precip Rate | K182: Max Precipitation Rate | L182: =VLOOKUP($K182,'Property names'!$A$1:$D$99,2,FALSE) -> The highest rate at which rain or other forms of precipitation fall in a given period. | M182: =VLOOKUP($K182,'Property names'!$A$1:$D$99,3,FALSE) -> Millimeters per hour | N182: =VLOOKUP($K182,'Property names'!$A$1:$D$99,4,FALSE) -> mm/h | O182: =SUBSTITUTE(CONCATENATE(B182,"_",F182,"_",J182)," ","_") -> z6-19947_z6-19947_Max_Precip_Rate | P182: =CONCATENATE("The datastream containing mesures of field ",B182," by sensor ",F182," which measures ",K182,".") -> The datastream containing mesures of field z6-19947 by sensor z6-19947 which measures Max Precipitation Rate.
A183: Jordan | B183: z6-19947 | C183: Weather station in Jordan managed with ZentraCloud | D183: 35.617547 | E183: 32.190469 | F183: z6-19947 | G183: A weather station in Jordan obtaining data from multiple sources | H183: STATION | I183: - | J183: Precipitation | K183: Precipitation | L183: =VLOOKUP($K183,'Property names'!$A$1:$D$99,2,FALSE) -> Any form of water, liquid or solid, falling from the sky, such as rain, snow, or sleet. | M183: =VLOOKUP($K183,'Property names'!$A$1:$D$99,3,FALSE) -> Millimeters | N183: =VLOOKUP($K183,'Property names'!$A$1:$D$99,4,FALSE) -> mm | O183: =SUBSTITUTE(CONCATENATE(B183,"_",F183,"_",J183)," ","_") -> z6-19947_z6-19947_Precipitation | P183: =CONCATENATE("The datastream containing mesures of field ",B183," by sensor ",F183," which measures ",K183,".") -> The datastream containing mesures of field z6-19947 by sensor z6-19947 which measures Precipitation.
A184: Jordan | B184: z6-19947 | C184: Weather station in Jordan managed with ZentraCloud | D184: 35.617547 | E184: 32.190469 | F184: z6-19947 | G184: A weather station in Jordan obtaining data from multiple sources | H184: STATION | I184: - | J184: RH Sensor Temp | K184: RH Sensor Temp | L184: =VLOOKUP($K184,'Property names'!$A$1:$D$99,2,FALSE) -> The temperature at which a relative humidity sensor operates. | M184: =VLOOKUP($K184,'Property names'!$A$1:$D$99,3,FALSE) -> Degrees Celsius | N184: =VLOOKUP($K184,'Property names'!$A$1:$D$99,4,FALSE) -> ºC | O184: =SUBSTITUTE(CONCATENATE(B184,"_",F184,"_",J184)," ","_") -> z6-19947_z6-19947_RH_Sensor_Temp | P184: =CONCATENATE("The datastream containing mesures of field ",B184," by sensor ",F184," which measures ",K184,".") -> The datastream containing mesures of field z6-19947 by sensor z6-19947 which measures RH Sensor Temp.
A185: Jordan | B185: z6-19947 | C185: Weather station in Jordan managed with ZentraCloud | D185: 35.617547 | E185: 32.190469 | F185: z6-19947 | G185: A weather station in Jordan obtaining data from multiple sources | H185: STATION | I185: - | J185: Reference Pressure | K185: Reference Pressure | L185: =VLOOKUP($K185,'Property names'!$A$1:$D$99,2,FALSE) -> A standard pressure value used as a basis for comparison in meteorology. | M185: =VLOOKUP($K185,'Property names'!$A$1:$D$99,3,FALSE) -> Kilopascal | N185: =VLOOKUP($K185,'Property names'!$A$1:$D$99,4,FALSE) -> kPa | O185: =SUBSTITUTE(CONCATENATE(B185,"_",F185,"_",J185)," ","_") -> z6-19947_z6-19947_Reference_Pressure | P185: =CONCATENATE("The datastream containing mesures of field ",B185," by sensor ",F185," which measures ",K185,".") -> The datastream containing mesures of field z6-19947 by sensor z6-19947 which measures Reference Pressure.
... A460: Lebanon | B460: 000008E5 | C460: Weather station in Lebanon managed with FieldClimate | D460: 36.085245 | E460: 34.15498 | F460: 000008E5 | G460: A weather station in Lebanon obtaining data from multiple sources | H460: STATION | I460: - | J460: Midnight | K460: Midnight | L460: =VLOOKUP($K460,'Property names'!$A$1:$D$99,2,FALSE) -> The point in time at the middle of the night, commonly defined as 12:00 AM. | M460: =VLOOKUP($K460,'Property names'!$A$1:$D$99,3,FALSE) -> - | N460: =VLOOKUP($K460,'Property names'!$A$1:$D$99,4,FALSE) -> - | O460: =SUBSTITUTE(CONCATENATE(B460,"_",F460,"_",J460)," ","_") -> 000008E5_000008E5_Midnight | P460: =CONCATENATE("The datastream containing mesures of field ",B460," by sensor ",F460," which measures ",K460,".") -> The datastream containing mesures of field 000008E5 by sensor 000008E5 which measures Midnight.
A462: Tunisia | B462: ed_11174 | C462: Weather station in Tunisia managed with Ira Data | D462: - | E462: - | F462: ed_11174 | G462: A weather station in Tunisia obtaining data from multiple sources | H462: STATION | I462: - | J462: MEAS_1 | K462: Unknown | L462: =VLOOKUP($K462,'Property names'!$A$1:$D$99,2,FALSE) -> Unknown | M462: =VLOOKUP($K462,'Property names'!$A$1:$D$99,3,FALSE) -> - | N462: =VLOOKUP($K462,'Property names'!$A$1:$D$99,4,FALSE) -> - | O462: =SUBSTITUTE(CONCATENATE(B462,"_",F462,"_",J462)," ","_") -> ed_11174_ed_11174_MEAS_1 | P462: =CONCATENATE("The datastream containing mesures of field ",B462," by sensor ",F462," which measures ",K462,".") -> The datastream containing mesures of field ed_11174 by sensor ed_11174 which measures Unknown.
A463: Tunisia | B463: ed_11174 | C463: Weather station in Tunisia managed with Ira Data | D463: - | E463: - | F463: ed_11174 | G463: A weather station in Tunisia obtaining data from multiple sources | H463: STATION | I463: - | J463: MEAS_2 | K463: Unknown | L463: =VLOOKUP($K463,'Property names'!$A$1:$D$99,2,FALSE) -> Unknown | M463: =VLOOKUP($K463,'Property names'!$A$1:$D$99,3,FALSE) -> - | N463: =VLOOKUP($K463,'Property names'!$A$1:$D$99,4,FALSE) -> - | O463: =SUBSTITUTE(CONCATENATE(B463,"_",F463,"_",J463)," ","_") -> ed_11174_ed_11174_MEAS_2 | P463: =CONCATENATE("The datastream containing mesures of field ",B463," by sensor ",F463," which measures ",K463,".") -> The datastream containing mesures of field ed_11174 by sensor ed_11174 which measures Unknown.
A464: Tunisia | B464: ed_11174 | C464: Weather station in Tunisia managed with Ira Data | D464: - | E464: - | F464: ed_11174 | G464: A weather station in Tunisia obtaining data from multiple sources | H464: STATION | I464: - | J464: MEAS_3 | K464: Unknown | L464: =VLOOKUP($K464,'Property names'!$A$1:$D$99,2,FALSE) -> Unknown | M464: =VLOOKUP($K464,'Property names'!$A$1:$D$99,3,FALSE) -> - | N464: =VLOOKUP($K464,'Property names'!$A$1:$D$99,4,FALSE) -> - | O464: =SUBSTITUTE(CONCATENATE(B464,"_",F464,"_",J464)," ","_") -> ed_11174_ed_11174_MEAS_3 | P464: =CONCATENATE("The datastream containing mesures of field ",B464," by sensor ",F464," which measures ",K464,".") -> The datastream containing mesures of field ed_11174 by sensor ed_11174 which measures Unknown.
A465: Tunisia | B465: ed_11174 | C465: Weather station in Tunisia managed with Ira Data | D465: - | E465: - | F465: ed_11174 | G465: A weather station in Tunisia obtaining data from multiple sources | H465: STATION | I465: - | J465: MEAS_4 | K465: Unknown | L465: =VLOOKUP($K465,'Property names'!$A$1:$D$99,2,FALSE) -> Unknown | M465: =VLOOKUP($K465,'Property names'!$A$1:$D$99,3,FALSE) -> - | N465: =VLOOKUP($K465,'Property names'!$A$1:$D$99,4,FALSE) -> - | O465: =SUBSTITUTE(CONCATENATE(B465,"_",F465,"_",J465)," ","_") -> ed_11174_ed_11174_MEAS_4 | P465: =CONCATENATE("The datastream containing mesures of field ",B465," by sensor ",F465," which measures ",K465,".") -> The datastream containing mesures of field ed_11174 by sensor ed_11174 which measures Unknown.
A466: Tunisia | B466: ed_11174 | C466: Weather station in Tunisia managed with Ira Data | D466: - | E466: - | F466: ed_11174 | G466: A weather station in Tunisia obtaining data from multiple sources | H466: STATION | I466: - | J466: MEAS_5 | K466: Unknown | L466: =VLOOKUP($K466,'Property names'!$A$1:$D$99,2,FALSE) -> Unknown | M466: =VLOOKUP($K466,'Property names'!$A$1:$D$99,3,FALSE) -> - | N466: =VLOOKUP($K466,'Property names'!$A$1:$D$99,4,FALSE) -> - | O466: =SUBSTITUTE(CONCATENATE(B466,"_",F466,"_",J466)," ","_") -> ed_11174_ed_11174_MEAS_5 | P466: =CONCATENATE("The datastream containing mesures of field ",B466," by sensor ",F466," which measures ",K466,".") -> The datastream containing mesures of field ed_11174 by sensor ed_11174 which measures Unknown.
A467: Tunisia | B467: ed_11174 | C467: Weather station in Tunisia managed with Ira Data | D467: - | E467: - | F467: ed_11174 | G467: A weather station in Tunisia obtaining data from multiple sources | H467: STATION | I467: - | J467: MEAS_6 | K467: Unknown | L467: =VLOOKUP($K467,'Property names'!$A$1:$D$99,2,FALSE) -> Unknown | M467: =VLOOKUP($K467,'Property names'!$A$1:$D$99,3,FALSE) -> - | N467: =VLOOKUP($K467,'Property names'!$A$1:$D$99,4,FALSE) -> - | O467: =SUBSTITUTE(CONCATENATE(B467,"_",F467,"_",J467)," ","_") -> ed_11174_ed_11174_MEAS_6 | P467: =CONCATENATE("The datastream containing mesures of field ",B467," by sensor ",F467," which measures ",K467,".") -> The datastream containing mesures of field ed_11174 by sensor ed_11174 which measures Unknown.
A468: Tunisia | B468: ed_11174 | C468: Weather station in Tunisia managed with Ira Data | D468: - | E468: - | F468: ed_11174 | G468: A weather station in Tunisia obtaining data from multiple sources | H468: STATION | I468: - | J468: MEAS_7 | K468: Unknown | L468: =VLOOKUP($K468,'Property names'!$A$1:$D$99,2,FALSE) -> Unknown | M468: =VLOOKUP($K468,'Property names'!$A$1:$D$99,3,FALSE) -> - | N468: =VLOOKUP($K468,'Property names'!$A$1:$D$99,4,FALSE) -> - | O468: =SUBSTITUTE(CONCATENATE(B468,"_",F468,"_",J468)," ","_") -> ed_11174_ed_11174_MEAS_7 | P468: =CONCATENATE("The datastream containing mesures of field ",B468," by sensor ",F468," which measures ",K468,".") -> The datastream containing mesures of field ed_11174 by sensor ed_11174 which measures Unknown.
A469: Tunisia | B469: ed_11174 | C469: Weather station in Tunisia managed with Ira Data | D469: - | E469: - | F469: ed_11174 | G469: A weather station in Tunisia obtaining data from multiple sources | H469: STATION | I469: - | J469: MEAS_8 | K469: Unknown | L469: =VLOOKUP($K469,'Property names'!$A$1:$D$99,2,FALSE) -> Unknown | M469: =VLOOKUP($K469,'Property names'!$A$1:$D$99,3,FALSE) -> - | N469: =VLOOKUP($K469,'Property names'!$A$1:$D$99,4,FALSE) -> - | O469: =SUBSTITUTE(CONCATENATE(B469,"_",F469,"_",J469)," ","_") -> ed_11174_ed_11174_MEAS_8 | P469: =CONCATENATE("The datastream containing mesures of field ",B469," by sensor ",F469," which measures ",K469,".") -> The datastream containing mesures of field ed_11174 by sensor ed_11174 which measures Unknown.
A470: Tunisia | B470: ed_11174 | C470: Weather station in Tunisia managed with Ira Data | D470: - | E470: - | F470: ed_11174 | G470: A weather station in Tunisia obtaining data from multiple sources | H470: STATION | I470: - | J470: MEAS_9 | K470: Unknown | L470: =VLOOKUP($K470,'Property names'!$A$1:$D$99,2,FALSE) -> Unknown | M470: =VLOOKUP($K470,'Property names'!$A$1:$D$99,3,FALSE) -> - | N470: =VLOOKUP($K470,'Property names'!$A$1:$D$99,4,FALSE) -> - | O470: =SUBSTITUTE(CONCATENATE(B470,"_",F470,"_",J470)," ","_") -> ed_11174_ed_11174_MEAS_9 | P470: =CONCATENATE("The datastream containing mesures of field ",B470," by sensor ",F470," which measures ",K470,".") -> The datastream containing mesures of field ed_11174 by sensor ed_11174 which measures Unknown.
A471: Tunisia | B471: ed_11174 | C471: Weather station in Tunisia managed with Ira Data | D471: - | E471: - | F471: ed_11174 | G471: A weather station in Tunisia obtaining data from multiple sources | H471: STATION | I471: - | J471: MEAS_10 | K471: Unknown | L471: =VLOOKUP($K471,'Property names'!$A$1:$D$99,2,FALSE) -> Unknown | M471: =VLOOKUP($K471,'Property names'!$A$1:$D$99,3,FALSE) -> - | N471: =VLOOKUP($K471,'Property names'!$A$1:$D$99,4,FALSE) -> - | O471: =SUBSTITUTE(CONCATENATE(B471,"_",F471,"_",J471)," ","_") -> ed_11174_ed_11174_MEAS_10 | P471: =CONCATENATE("The datastream containing mesures of field ",B471," by sensor ",F471," which measures ",K471,".") -> The datastream containing mesures of field ed_11174 by sensor ed_11174 which measures Unknown.
A472: Tunisia | B472: ed_11174 | C472: Weather station in Tunisia managed with Ira Data | D472: - | E472: - | F472: ed_11174 | G472: A weather station in Tunisia obtaining data from multiple sources | H472: STATION | I472: - | J472: MEAS_11 | K472: Unknown | L472: =VLOOKUP($K472,'Property names'!$A$1:$D$99,2,FALSE) -> Unknown | M472: =VLOOKUP($K472,'Property names'!$A$1:$D$99,3,FALSE) -> - | N472: =VLOOKUP($K472,'Property names'!$A$1:$D$99,4,FALSE) -> - | O472: =SUBSTITUTE(CONCATENATE(B472,"_",F472,"_",J472)," ","_") -> ed_11174_ed_11174_MEAS_11 | P472: =CONCATENATE("The datastream containing mesures of field ",B472," by sensor ",F472," which measures ",K472,".") -> The datastream containing mesures of field ed_11174 by sensor ed_11174 which measures Unknown.
A473: Tunisia | B473: ed_11174 | C473: Weather station in Tunisia managed with Ira Data | D473: - | E473: - | F473: ed_11174 | G473: A weather station in Tunisia obtaining data from multiple sources | H473: STATION | I473: - | J473: MEAS_12 | K473: Unknown | L473: =VLOOKUP($K473,'Property names'!$A$1:$D$99,2,FALSE) -> Unknown | M473: =VLOOKUP($K473,'Property names'!$A$1:$D$99,3,FALSE) -> - | N473: =VLOOKUP($K473,'Property names'!$A$1:$D$99,4,FALSE) -> - | O473: =SUBSTITUTE(CONCATENATE(B473,"_",F473,"_",J473)," ","_") -> ed_11174_ed_11174_MEAS_12 | P473: =CONCATENATE("The datastream containing mesures of field ",B473," by sensor ",F473," which measures ",K473,".") -> The datastream containing mesures of field ed_11174 by sensor ed_11174 which measures Unknown.
... A509: Tunisia | B509: ed_11216 | C509: Weather station in Tunisia managed with Ira Data | D509: - | E509: - | F509: ed_11216 | G509: A weather station in Tunisia obtaining data from multiple sources | H509: STATION | I509: - | J509: MEAS_12 | K509: Unknown | L509: =VLOOKUP($K509,'Property names'!$A$1:$D$99,2,FALSE) -> Unknown | M509: =VLOOKUP($K509,'Property names'!$A$1:$D$99,3,FALSE) -> - | N509: =VLOOKUP($K509,'Property names'!$A$1:$D$99,4,FALSE) -> - | O509: =SUBSTITUTE(CONCATENATE(B509,"_",F509,"_",J509)," ","_") -> ed_11216_ed_11216_MEAS_12 | P509: =CONCATENATE("The datastream containing mesures of field ",B509," by sensor ",F509," which measures ",K509,".") -> The datastream containing mesures of field ed_11216 by sensor ed_11216 which measures Unknown.
A511: Jordan | B511: Khalil Al-Edwan | C511: Field in Jordan | D511: 35.638401 | E511: 31.840202 | F511: J001 | G511: Specialized device designed for accurately measuring large volumes of water flow. | H511: ST11 | I511: 8254812306000026 | J511: water_flow | K511: Water Flow | L511: =VLOOKUP($K511,'Property names'!$A$1:$D$99,2,FALSE) -> The continuous movement of water in a particular direction. | M511: =VLOOKUP($K511,'Property names'!$A$1:$D$99,3,FALSE) -> Cubic meters per second | N511: =VLOOKUP($K511,'Property names'!$A$1:$D$99,4,FALSE) -> m^3/s | O511: =SUBSTITUTE(CONCATENATE(B511,"_",F511,"_",J511)," ","_") -> Khalil_Al-Edwan_J001_water_flow | P511: =CONCATENATE("The datastream containing mesures of field ",B511," by sensor ",F511," which measures ",K511,".") -> The datastream containing mesures of field Khalil Al-Edwan by sensor J001 which measures Water Flow.
A512: Jordan | B512: Khalil Al-Edwan | C512: Field in Jordan | D512: 35.638401 | E512: 31.840202 | F512: J002 | G512: Technology that measures soil moisture at multiple depths. | H512: ST12 | I512: 008000000403FCBF | J512: soil_moisture_1 | K512: Soil Moisture | L512: =VLOOKUP($K512,'Property names'!$A$1:$D$99,2,FALSE) -> The amount of moisture present in the soil, often expressed as a percentage of the maximum amount the soil could hold at a given temperature. | M512: =VLOOKUP($K512,'Property names'!$A$1:$D$99,3,FALSE) -> Percentage | N512: =VLOOKUP($K512,'Property names'!$A$1:$D$99,4,FALSE) -> % | O512: =SUBSTITUTE(CONCATENATE(B512,"_",F512,"_",J512)," ","_") -> Khalil_Al-Edwan_J002_soil_moisture_1 | P512: =CONCATENATE("The datastream containing mesures of field ",B512," by sensor ",F512," which measures ",K512,".") -> The datastream containing mesures of field Khalil Al-Edwan by sensor J002 which measures Soil Moisture.
A513: Jordan | B513: Khalil Al-Edwan | C513: Field in Jordan | D513: 35.638401 | E513: 31.840202 | F513: J002 | G513: Technology that measures soil moisture at multiple depths. | H513: ST12 | I513: 008000000403FCBF | J513: soil_moisture_2 | K513: Soil Moisture | L513: =VLOOKUP($K513,'Property names'!$A$1:$D$99,2,FALSE) -> The amount of moisture present in the soil, often expressed as a percentage of the maximum amount the soil could hold at a given temperature. | M513: =VLOOKUP($K513,'Property names'!$A$1:$D$99,3,FALSE) -> Percentage | N513: =VLOOKUP($K513,'Property names'!$A$1:$D$99,4,FALSE) -> % | O513: =SUBSTITUTE(CONCATENATE(B513,"_",F513,"_",J513)," ","_") -> Khalil_Al-Edwan_J002_soil_moisture_2 | P513: =CONCATENATE("The datastream containing mesures of field ",B513," by sensor ",F513," which measures ",K513,".") -> The datastream containing mesures of field Khalil Al-Edwan by sensor J002 which measures Soil Moisture.
A514: Jordan | B514: Khalil Al-Edwan | C514: Field in Jordan | D514: 35.638401 | E514: 31.840202 | F514: J002 | G514: Technology that measures soil moisture at multiple depths. | H514: ST12 | I514: 008000000403FCBF | J514: soil_moisture_3 | K514: Soil Moisture | L514: =VLOOKUP($K514,'Property names'!$A$1:$D$99,2,FALSE) -> The amount of moisture present in the soil, often expressed as a percentage of the maximum amount the soil could hold at a given temperature. | M514: =VLOOKUP($K514,'Property names'!$A$1:$D$99,3,FALSE) -> Percentage | N514: =VLOOKUP($K514,'Property names'!$A$1:$D$99,4,FALSE) -> % | O514: =SUBSTITUTE(CONCATENATE(B514,"_",F514,"_",J514)," ","_") -> Khalil_Al-Edwan_J002_soil_moisture_3 | P514: =CONCATENATE("The datastream containing mesures of field ",B514," by sensor ",F514," which measures ",K514,".") -> The datastream containing mesures of field Khalil Al-Edwan by sensor J002 which measures Soil Moisture.
A515: Jordan | B515: Khalil Al-Edwan | C515: Field in Jordan | D515: 35.638401 | E515: 31.840202 | F515: J002 | G515: Technology that measures soil moisture at multiple depths. | H515: ST12 | I515: 008000000403FCBF | J515: soil_moisture_4 | K515: Soil Moisture | L515: =VLOOKUP($K515,'Property names'!$A$1:$D$99,2,FALSE) -> The amount of moisture present in the soil, often expressed as a percentage of the maximum amount the soil could hold at a given temperature. | M515: =VLOOKUP($K515,'Property names'!$A$1:$D$99,3,FALSE) -> Percentage | N515: =VLOOKUP($K515,'Property names'!$A$1:$D$99,4,FALSE) -> % | O515: =SUBSTITUTE(CONCATENATE(B515,"_",F515,"_",J515)," ","_") -> Khalil_Al-Edwan_J002_soil_moisture_4 | P515: =CONCATENATE("The datastream containing mesures of field ",B515," by sensor ",F515," which measures ",K515,".") -> The datastream containing mesures of field Khalil Al-Edwan by sensor J002 which measures Soil Moisture.
A516: Jordan | B516: Khalil Al-Edwan | C516: Field in Jordan | D516: 35.638401 | E516: 31.840202 | F516: J002 | G516: Technology that measures soil moisture at multiple depths. | H516: ST12 | I516: 008000000403FCBF | J516: soil_moisture_5 | K516: Soil Moisture | L516: =VLOOKUP($K516,'Property names'!$A$1:$D$99,2,FALSE) -> The amount of moisture present in the soil, often expressed as a percentage of the maximum amount the soil could hold at a given temperature. | M516: =VLOOKUP($K516,'Property names'!$A$1:$D$99,3,FALSE) -> Percentage | N516: =VLOOKUP($K516,'Property names'!$A$1:$D$99,4,FALSE) -> % | O516: =SUBSTITUTE(CONCATENATE(B516,"_",F516,"_",J516)," ","_") -> Khalil_Al-Edwan_J002_soil_moisture_5 | P516: =CONCATENATE("The datastream containing mesures of field ",B516," by sensor ",F516," which measures ",K516,".") -> The datastream containing mesures of field Khalil Al-Edwan by sensor J002 which measures Soil Moisture.
A517: Jordan | B517: Khalil Al-Edwan | C517: Field in Jordan | D517: 35.638401 | E517: 31.840202 | F517: J002 | G517: Technology that measures soil moisture at multiple depths. | H517: ST12 | I517: 008000000403FCBF | J517: soil_moisture_6 | K517: Soil Moisture | L517: =VLOOKUP($K517,'Property names'!$A$1:$D$99,2,FALSE) -> The amount of moisture present in the soil, often expressed as a percentage of the maximum amount the soil could hold at a given temperature. | M517: =VLOOKUP($K517,'Property names'!$A$1:$D$99,3,FALSE) -> Percentage | N517: =VLOOKUP($K517,'Property names'!$A$1:$D$99,4,FALSE) -> % | O517: =SUBSTITUTE(CONCATENATE(B517,"_",F517,"_",J517)," ","_") -> Khalil_Al-Edwan_J002_soil_moisture_6 | P517: =CONCATENATE("The datastream containing mesures of field ",B517," by sensor ",F517," which measures ",K517,".") -> The datastream containing mesures of field Khalil Al-Edwan by sensor J002 which measures Soil Moisture.
A518: Jordan | B518: Khalil Al-Edwan | C518: Field in Jordan | D518: 35.638401 | E518: 31.840202 | F518: J002 | G518: Technology that measures soil moisture at multiple depths. | H518: ST12 | I518: 008000000403FCBF | J518: soil_temperature_1 | K518: Soil Temperature | L518: =VLOOKUP($K518,'Property names'!$A$1:$D$99,2,FALSE) -> The measure of temperature of the soil. | M518: =VLOOKUP($K518,'Property names'!$A$1:$D$99,3,FALSE) -> Degrees Celsius | N518: =VLOOKUP($K518,'Property names'!$A$1:$D$99,4,FALSE) -> ºC | O518: =SUBSTITUTE(CONCATENATE(B518,"_",F518,"_",J518)," ","_") -> Khalil_Al-Edwan_J002_soil_temperature_1 | P518: =CONCATENATE("The datastream containing mesures of field ",B518," by sensor ",F518," which measures ",K518,".") -> The datastream containing mesures of field Khalil Al-Edwan by sensor J002 which measures Soil Temperature.
A519: Jordan | B519: Khalil Al-Edwan | C519: Field in Jordan | D519: 35.638401 | E519: 31.840202 | F519: J002 | G519: Technology that measures soil moisture at multiple depths. | H519: ST12 | I519: 008000000403FCBF | J519: soil_temperature_2 | K519: Soil Temperature | L519: =VLOOKUP($K519,'Property names'!$A$1:$D$99,2,FALSE) -> The measure of temperature of the soil. | M519: =VLOOKUP($K519,'Property names'!$A$1:$D$99,3,FALSE) -> Degrees Celsius | N519: =VLOOKUP($K519,'Property names'!$A$1:$D$99,4,FALSE) -> ºC | O519: =SUBSTITUTE(CONCATENATE(B519,"_",F519,"_",J519)," ","_") -> Khalil_Al-Edwan_J002_soil_temperature_2 | P519: =CONCATENATE("The datastream containing mesures of field ",B519," by sensor ",F519," which measures ",K519,".") -> The datastream containing mesures of field Khalil Al-Edwan by sensor J002 which measures Soil Temperature.
A520: Jordan | B520: Khalil Al-Edwan | C520: Field in Jordan | D520: 35.638401 | E520: 31.840202 | F520: J002 | G520: Technology that measures soil moisture at multiple depths. | H520: ST12 | I520: 008000000403FCBF | J520: soil_temperature_3 | K520: Soil Temperature | L520: =VLOOKUP($K520,'Property names'!$A$1:$D$99,2,FALSE) -> The measure of temperature of the soil. | M520: =VLOOKUP($K520,'Property names'!$A$1:$D$99,3,FALSE) -> Degrees Celsius | N520: =VLOOKUP($K520,'Property names'!$A$1:$D$99,4,FALSE) -> ºC | O520: =SUBSTITUTE(CONCATENATE(B520,"_",F520,"_",J520)," ","_") -> Khalil_Al-Edwan_J002_soil_temperature_3 | P520: =CONCATENATE("The datastream containing mesures of field ",B520," by sensor ",F520," which measures ",K520,".") -> The datastream containing mesures of field Khalil Al-Edwan by sensor J002 which measures Soil Temperature.
A521: Jordan | B521: Khalil Al-Edwan | C521: Field in Jordan | D521: 35.638401 | E521: 31.840202 | F521: J002 | G521: Technology that measures soil moisture at multiple depths. | H521: ST12 | I521: 008000000403FCBF | J521: soil_temperature_4 | K521: Soil Temperature | L521: =VLOOKUP($K521,'Property names'!$A$1:$D$99,2,FALSE) -> The measure of temperature of the soil. | M521: =VLOOKUP($K521,'Property names'!$A$1:$D$99,3,FALSE) -> Degrees Celsius | N521: =VLOOKUP($K521,'Property names'!$A$1:$D$99,4,FALSE) -> ºC | O521: =SUBSTITUTE(CONCATENATE(B521,"_",F521,"_",J521)," ","_") -> Khalil_Al-Edwan_J002_soil_temperature_4 | P521: =CONCATENATE("The datastream containing mesures of field ",B521," by sensor ",F521," which measures ",K521,".") -> The datastream containing mesures of field Khalil Al-Edwan by sensor J002 which measures Soil Temperature.
A522: Jordan | B522: Khalil Al-Edwan | C522: Field in Jordan | D522: 35.638401 | E522: 31.840202 | F522: J002 | G522: Technology that measures soil moisture at multiple depths. | H522: ST12 | I522: 008000000403FCBF | J522: soil_temperature_5 | K522: Soil Temperature | L522: =VLOOKUP($K522,'Property names'!$A$1:$D$99,2,FALSE) -> The measure of temperature of the soil. | M522: =VLOOKUP($K522,'Property names'!$A$1:$D$99,3,FALSE) -> Degrees Celsius | N522: =VLOOKUP($K522,'Property names'!$A$1:$D$99,4,FALSE) -> ºC | O522: =SUBSTITUTE(CONCATENATE(B522,"_",F522,"_",J522)," ","_") -> Khalil_Al-Edwan_J002_soil_temperature_5 | P522: =CONCATENATE("The datastream containing mesures of field ",B522," by sensor ",F522," which measures ",K522,".") -> The datastream containing mesures of field Khalil Al-Edwan by sensor J002 which measures Soil Temperature.
... A697: Tunisia | B697: WWQ 2 | C697: Well water quality site in Tunisia | D697: 10.371316 | E697: 33.306816 | F697: TS047 | G697: Compact sonde or sensor which could monitor temperature, pH value, turbidity, conductivity and dissolved oxygen in one instrument. | H697: - | I697: - | J697: water_level | K697: Groundwater Level | L697: =VLOOKUP($K697,'Property names'!$A$1:$D$99,2,FALSE) -> The depth at which the water table is found beneath the Earth's surface. | M697: =VLOOKUP($K697,'Property names'!$A$1:$D$99,3,FALSE) -> Meters | N697: =VLOOKUP($K697,'Property names'!$A$1:$D$99,4,FALSE) -> m | O697: =SUBSTITUTE(CONCATENATE(B697,"_",F697,"_",J697)," ","_") -> WWQ_2_TS047_water_level | P697: =CONCATENATE("The datastream containing mesures of field ",B697," by sensor ",F697," which measures ",K697,".") -> The datastream containing mesures of field WWQ 2 by sensor TS047 which measures Groundwater Level.

Sheet Property names
A1: Property Name | B1: Property Description | C1: Unit Of Measurement | D1: Unit Of Measurement Symbol
A2: Air Humidity | B2: The amount of moisture or water vapor present in the air, often expressed as a percentage of the maximum amount the air could hold at a given temperature. | C2: Percentage | D2: %
A3: Air Temperature | B3: The measure of the hotness or coldness of the air. | C3: Degrees Celsius | D3: ºC
A4: Altitude | B4: The vertical distance of a location above a reference point, typically sea level, measured in meters or feet. | C4: Meters | D4: m
A5: Atmospheric Pressure | B5: The force exerted by the weight of the air above a given point on Earth's surface, which can vary with changes in weather and altitude. | C5: Kilopascal | D5: kPa
A6: Battery Level | B6: The percentage of battery level associated to the specific sensor. | C6: Percentage | D6: %
A7: Battery Voltage | B7: The electrical potential in a battery, indicating its charge level. | C7: Millivolts | D7: mV
A8: Chain Node | B8: A point or device within a blockchain network that validates and records transactions, contributing to the decentralized nature of the technology. | C8: - | D8: -
A9: CO2 Concentration | B9: The quantity of carbon dioxide gas present in the air, used to assess air quality and monitor environmental conditions. | C9: Parts per million | D9: ppm
A10: DeltaT | B10: The difference in time between two events, often used in various scientific contexts. | C10: Seconds | D10: s
A11: Dew Point | B11: The temperature at which air becomes saturated with moisture, leading to the formation of dew or condensation. | C11: Degrees Celsius | D11: ºC
A12: Electric Conductivity | B12: Measure of the ability of a solution to conduct electricity. | C12: Siemens per meter | D12: S/m
... A52: Cumulative Rainfall | B52: Cumulatime Rainfall. | C52: Liters per square meter | D52: L/m^2
